label,type,Experiment,item,Question,Condition,Correct_Answer,Question_type,group,sentence,Phrase1,Phrase2,Phrase3,Phrase4,Phrase5,Phrase6,Phrase7,Phrase8,Phrase9,Phrase10,Phrase11,Phrase12,Phrase13,Phrase14,alternative,match
rc_a_1,rc,RCs_SPR_ET,1,那个顾客听说过老板吗?,a,1,1,list1,那个 昨晚 揍了 服务生 一顿 的 顾客 听说过 老板 并且 记得 他。,那个,昨晚,揍了,服务生,一顿,的,顾客,听说过,老板,并且,记得,他。,,,X-X-X 毁灭 茫茫 象征性 痉挛 种 繁荣 二十四 开拓 矛盾 层次 种。,0
rc_b_1,rc,RCs_SPR_ET,1,那个顾客听说过老板吗？,b,1,1,list2,那个 昨晚 服务生 揍了 一顿 的 顾客 听说过 老板 并且 记得 他。,那个,昨晚,服务生,揍了,一顿,的,顾客,听说过,老板,并且,记得,他。,,,X-X-X 毁灭 象征性 茫茫 痉挛 种 繁荣 二十四 开拓 矛盾 层次 种。,0
rc_c_1,rc,RCs_SPR_ET,1,那个顾客听说过老板吗？,c,2,1,list3,老板 听说过 那个 昨晚 揍了 服务生 一顿 的 顾客 并且 通知了 记者。,老板,听说过,那个,昨晚,揍了,服务生,一顿,的,顾客,并且,通知了,记者。,,,X-X-X 徐悲鸿 矛盾 毁灭 钥匙 赤裸裸 敦煌 种 繁荣 阶段 氯酸钾 缺乏。,0
rc_d_1,rc,RCs_SPR_ET,1,那个顾客听说过老板吗？,d,2,1,list4,老板 听说过 那个 昨晚 服务生 揍了 一顿 的 顾客 并且 通知了 记者。,老板,听说过,那个,昨晚,服务生,揍了,一顿,的,顾客,并且,通知了,记者。,,,X-X-X 徐悲鸿 矛盾 毁灭 赤裸裸 钥匙 敦煌 种 繁荣 阶段 氯酸钾 缺乏。,0
rc_a_2,rc,RCs_SPR_ET,2,摩托车追了那辆轿车吗？,a,2,2,list1,那辆 下午 追了 摩托车 很久 的 轿车 发现了 记者 所以 停了 下来。,那辆,下午,追了,摩托车,很久,的,轿车,发现了,记者,所以,停了,下来。,,,X-X-X 欣赏 蘑菇 笑嘻嘻 滋味 种 扣除 碳酸钠 缺乏 研究 萝卜 环境。,0
rc_b_2,rc,RCs_SPR_ET,2,摩托车追了那辆轿车吗？,b,1,2,list2,那辆 下午 摩托车 追了 很久 的 轿车 发现了 记者 所以 停了 下来。,那辆,下午,摩托车,追了,很久,的,轿车,发现了,记者,所以,停了,下来。,,,X-X-X 欣赏 笑嘻嘻 蘑菇 滋味 种 扣除 碳酸钠 缺乏 研究 萝卜 环境。,0
rc_c_2,rc,RCs_SPR_ET,2,摩托车追了那辆轿车吗？,c,2,2,list3,记者 发现了 那辆 下午 追了 摩托车 很久 的 轿车 所以 停了 下来。,记者,发现了,那辆,下午,追了,摩托车,很久,的,轿车,所以,停了,下来。,,,X-X-X 石灰岩 脊髓 欣赏 魔鬼 笑嘻嘻 滋味 种 严谨 研究 骨髓 环境。,0
rc_d_2,rc,RCs_SPR_ET,2,摩托车追了那辆轿车吗？,d,1,2,list4,记者 发现了 那辆 下午 摩托车 追了 很久 的 轿车 所以 停了 下来。,记者,发现了,那辆,下午,摩托车,追了,很久,的,轿车,所以,停了,下来。,,,X-X-X 石灰岩 脊髓 欣赏 笑嘻嘻 魔鬼 滋味 种 严谨 研究 骨髓 环境。,0
rc_a_3,rc,RCs_SPR_ET,3,女孩打了男孩吗？,a,1,3,list1,那个 今天 打了 男孩 几次 的 女孩 看到了 校长 所以 假装 在读书。,那个,今天,打了,男孩,几次,的,女孩,看到了,校长,所以,假装,在读书。,,,X-X-X 十分 浙江 盼望 贫乏 种 贮藏 碳酸钙 仅仅 研究 淤泥 脂肪酸。,0
rc_b_3,rc,RCs_SPR_ET,3,女孩打了男孩吗？,b,2,3,list2,那个 今天 男孩 打了 几次 的 女孩 看到了 校长 所以 假装 在读书。,那个,今天,男孩,打了,几次,的,女孩,看到了,校长,所以,假装,在读书。,,,X-X-X 十分 盼望 浙江 贫乏 种 贮藏 碳酸钙 仅仅 研究 淤泥 脂肪酸。,0
rc_c_3,rc,RCs_SPR_ET,3,女孩打了男孩吗？,c,1,3,list3,校长 看到了 那个 今天 打了 男孩 几次 的 女孩 所以 上前 询问。,校长,看到了,那个,今天,打了,男孩,几次,的,女孩,所以,上前,询问。,,,X-X-X 葡萄牙 矛盾 增加 僧侣 盼望 柑桔 种 贮藏 研究 纲领 杭州。,0
rc_d_3,rc,RCs_SPR_ET,3,女孩打了男孩吗？,d,2,3,list4,校长 看到了 那个 今天 男孩 打了 几次 的 女孩 所以 上前 询问。,校长,看到了,那个,今天,男孩,打了,几次,的,女孩,所以,上前,询问。,,,X-X-X 葡萄牙 矛盾 增加 盼望 僧侣 柑桔 种 贮藏 研究 纲领 杭州。,0
rc_a_4,rc,RCs_SPR_ET,4,警察拦住了吉普车吗？,a,2,4,list1,那辆 当时 撞了 自行车 两次 的 吉普车 拦住了 警察 并且 要求 调查清楚。,那辆,当时,撞了,自行车,两次,的,吉普车,拦住了,警察,并且,要求,调查清楚。,,,X-X-X 解决 溃疡 能不能 咕咕 种 有把握 黑猩猩 干燥 实践 教育 环境污染。,0
rc_b_4,rc,RCs_SPR_ET,4,警察拦住了吉普车吗？,b,2,4,list2,那辆 当时 自行车 撞了 两次 的 吉普车 拦住了 警察 并且 要求 调查清楚。,那辆,当时,自行车,撞了,两次,的,吉普车,拦住了,警察,并且,要求,调查清楚。,,,X-X-X 解决 能不能 溃疡 咕咕 种 有把握 黑猩猩 干燥 实践 教育 环境污染。,0
rc_c_4,rc,RCs_SPR_ET,4,警察拦住了吉普车吗？,c,1,4,list3,警察 拦住了 那辆 当时 撞了 自行车 两次 的 吉普车 并且 要求 调查清楚。,警察,拦住了,那辆,当时,撞了,自行车,两次,的,吉普车,并且,要求,调查清楚。,,,X-X-X 徐悲鸿 憧憬 解决 脸庞 称之为 咨询 种 笑嘻嘻 矛盾 教育 文艺复兴。,0
rc_d_4,rc,RCs_SPR_ET,4,警察拦住了吉普车吗？,d,1,4,list4,警察 拦住了 那辆 当时 自行车 撞了 两次 的 吉普车 并且 要求 调查清楚。,警察,拦住了,那辆,当时,自行车,撞了,两次,的,吉普车,并且,要求,调查清楚。,,,X-X-X 徐悲鸿 憧憬 解决 称之为 脸庞 咨询 种 笑嘻嘻 矛盾 教育 文艺复兴。,0
rc_a_5,rc,RCs_SPR_ET,5,妇人抢了店员吗？,a,1,1,list2,那个 刚才 推了 男孩 一下 的 妇人 抢了 店员 并且 打伤了 她。,那个,刚才,推了,男孩,一下,的,妇人,抢了,店员,并且,打伤了,她。,,,X-X-X 溶液 陕西 淡淡 基础 种 凝视 虔诚 徘徊 获得 郭沫若 种。,0
rc_b_5,rc,RCs_SPR_ET,5,妇人抢了店员吗？,b,1,1,list3,那个 刚才 男孩 推了 一下 的 妇人 抢了 店员 并且 打伤了 她。,那个,刚才,男孩,推了,一下,的,妇人,抢了,店员,并且,打伤了,她。,,,X-X-X 溶液 淡淡 陕西 基础 种 凝视 虔诚 徘徊 获得 郭沫若 种。,0
rc_c_5,rc,RCs_SPR_ET,5,妇人抢了店员吗？,c,2,1,list4,店员 抢了 那个 刚才 推了 男孩 一下 的 妇人 并且 打伤了 她。,店员,抢了,那个,刚才,推了,男孩,一下,的,妇人,并且,打伤了,她。,,,X-X-X 煤矿 矛盾 溶液 词汇 淡淡 基础 种 敏锐 获得 郭沫若 能。,0
rc_d_5,rc,RCs_SPR_ET,5,妇人抢了店员吗？,d,2,1,list1,店员 抢了 那个 刚才 男孩 推了 一下 的 妇人 并且 打伤了 她。,店员,抢了,那个,刚才,男孩,推了,一下,的,妇人,并且,打伤了,她。,,,X-X-X 煤矿 矛盾 溶液 淡淡 词汇 基础 种 敏锐 获得 郭沫若 能。,0
rc_a_6,rc,RCs_SPR_ET,6,男孩邀请了女孩吗？,a,2,2,list2,那个 上个月 邀请了 男孩 几次 的 女孩 认识 王老师 因为 上过 她的课。,那个,上个月,邀请了,男孩,几次,的,女孩,认识,王老师,因为,上过,她的课。,,,X-X-X 林明跃 蒸馏水 毁灭 悲惨 种 贮藏 革命 死亡率 研究 林瑛 唐太宗。,0
rc_b_6,rc,RCs_SPR_ET,6,男孩邀请了女孩吗？,b,1,2,list3,那个 上个月 男孩 邀请了 几次 的 女孩 认识 王老师 因为 上过 她的课。,那个,上个月,男孩,邀请了,几次,的,女孩,认识,王老师,因为,上过,她的课。,,,X-X-X 林明跃 毁灭 蒸馏水 悲惨 种 贮藏 革命 死亡率 研究 林瑛 唐太宗。,0
rc_c_6,rc,RCs_SPR_ET,6,男孩邀请了女孩吗？,c,2,2,list4,王老师 认识 那个 上个月 邀请了 男孩 几次 的 女孩 因为 教过 她的课。,王老师,认识,那个,上个月,邀请了,男孩,几次,的,女孩,因为,教过,她的课。,,,X-X-X 物质 矛盾 啄木鸟 畜牧业 毁灭 粪便 种 贮藏 研究 腹腔 显微镜。,0
rc_d_6,rc,RCs_SPR_ET,6,男孩邀请了女孩吗？,d,1,2,list1,王老师 认识 那个 上个月 男孩 邀请了 几次 的 女孩 因为 教过 她的课。,王老师,认识,那个,上个月,男孩,邀请了,几次,的,女孩,因为,教过,她的课。,,,X-X-X 物质 矛盾 啄木鸟 毁灭 畜牧业 粪便 种 贮藏 研究 腹腔 显微镜。,0
rc_a_7,rc,RCs_SPR_ET,7,那条狗救了主人吗？,a,1,3,list2,那条 去年 救了 主人 好几次 的 狗 喜欢 小男孩 所以 很 兴奋。,那条,去年,救了,主人,好几次,的,狗,喜欢,小男孩,所以,很,兴奋。,,,X-X-X 检查 华侨 始终 椭圆形 种 亩 逐步 徐悲鸿 研究 两 途径。,0
rc_b_7,rc,RCs_SPR_ET,7,那条狗救了主人吗？,b,2,3,list3,那条 去年 主人 救了 好几次 的 狗 喜欢 小男孩 所以 很 兴奋。,那条,去年,主人,救了,好几次,的,狗,喜欢,小男孩,所以,很,兴奋。,,,X-X-X 检查 始终 华侨 椭圆形 种 亩 逐步 徐悲鸿 研究 两 途径。,0
rc_c_7,rc,RCs_SPR_ET,7,那条狗救了主人吗？,c,1,3,list4,小男孩 喜欢 那条 去年 救了 主人 好几次 的 狗 所以 很 兴奋。,小男孩,喜欢,那条,去年,救了,主人,好几次,的,狗,所以,很,兴奋。,,,X-X-X 妇女 器皿 检查 女士 适用 倾向性 种 亩 研究 呢 途径。,0
rc_d_7,rc,RCs_SPR_ET,7,那条狗救了主人吗？,d,2,3,list1,小男孩 喜欢 那条 去年 主人 救了 好几次 的 狗 所以 很 兴奋。,小男孩,喜欢,那条,去年,主人,救了,好几次,的,狗,所以,很,兴奋。,,,X-X-X 妇女 器皿 检查 适用 女士 倾向性 种 亩 研究 呢 途径。,0
rc_a_8,rc,RCs_SPR_ET,8,裁判骂了那个业余选手吗？,a,2,4,list2,那个 刚才 推了 职业选手 一下 的 业余选手 骂了 裁判 而且 威胁了 他。,那个,刚才,推了,职业选手,一下,的,业余选手,骂了,裁判,而且,威胁了,他。,,,X-X-X 溶液 农户 集市贸易 民族 种 恍然大悟 衣裳 惭愧 必须 湖南省 种。,0
rc_b_8,rc,RCs_SPR_ET,8,裁判骂了那个业余选手吗？,b,2,4,list3,那个 刚才 职业选手 推了 一下 的 业余选手 骂了 裁判 而且 威胁了 他。,那个,刚才,职业选手,推了,一下,的,业余选手,骂了,裁判,而且,威胁了,他。,,,X-X-X 溶液 集市贸易 农户 民族 种 恍然大悟 衣裳 惭愧 必须 湖南省 种。,0
rc_c_8,rc,RCs_SPR_ET,8,裁判骂了那个业余选手吗？,c,1,4,list4,裁判 骂了 那个 刚才 推了 职业选手 一下 的 业余选手 而且 警告了 他。,裁判,骂了,那个,刚才,推了,职业选手,一下,的,业余选手,而且,警告了,他。,,,X-X-X 茅草 矛盾 溶液 东欧 剩余价值 民族 种 血液循环 必须 蒸汽机 种。,0
rc_d_8,rc,RCs_SPR_ET,8,裁判骂了那个业余选手吗？,d,1,4,list1,裁判 骂了 那个 刚才 职业选手 推了 一下 的 业余选手 而且 警告了 他。,裁判,骂了,那个,刚才,职业选手,推了,一下,的,业余选手,而且,警告了,他。,,,X-X-X 茅草 矛盾 溶液 剩余价值 东欧 民族 种 血液循环 必须 蒸汽机 种。,0
rc_a_9,rc,RCs_SPR_ET,9,这个侦探讨厌当地人吗？,a,1,1,list3,这个 上个月 监视了 杀手 一段时间 的 侦探 讨厌 当地人 所以 没有 寻求帮助。,这个,上个月,监视了,杀手,一段时间,的,侦探,讨厌,当地人,所以,没有,寻求帮助。,,,X-X-X 脚步声 谭嗣同 右倾 经济杠杆 种 槐树 船舶 松花江 科学 什么 一九八０。,0
rc_b_9,rc,RCs_SPR_ET,9,这个侦探讨厌当地人吗？,b,1,1,list4,这个 上个月 杀手 监视了 一段时间 的 侦探 讨厌 当地人 所以 没有 寻求帮助。,这个,上个月,杀手,监视了,一段时间,的,侦探,讨厌,当地人,所以,没有,寻求帮助。,,,X-X-X 脚步声 右倾 谭嗣同 经济杠杆 种 槐树 船舶 松花江 科学 什么 一九八０。,0
rc_c_9,rc,RCs_SPR_ET,9,这个侦探讨厌当地人吗？,c,2,1,list1,当地人 讨厌 这个 上个月 监视了 杀手 一段时间 的 侦探 所以 没有 提供帮助。,当地人,讨厌,这个,上个月,监视了,杀手,一段时间,的,侦探,所以,没有,提供帮助。,,,X-X-X 葡萄 生产 马寅初 碳酸钠 祈祷 抗美援朝 种 槐树 必须 生活 一九八三。,0
rc_d_9,rc,RCs_SPR_ET,9,这个侦探讨厌当地人吗？,d,2,1,list2,当地人 讨厌 这个 上个月 杀手 监视了 一段时间 的 侦探 所以 没有 提供帮助。,当地人,讨厌,这个,上个月,杀手,监视了,一段时间,的,侦探,所以,没有,提供帮助。,,,X-X-X 葡萄 生产 马寅初 祈祷 碳酸钠 抗美援朝 种 槐树 必须 生活 一九八三。,0
rc_a_10,rc,RCs_SPR_ET,10,房东多次抱怨了住户吗？,a,2,2,list3,那位 最近 抱怨了 房东 好多次 的 住户 找了 律师 而且 打算 起诉。,那位,最近,抱怨了,房东,好多次,的,住户,找了,律师,而且,打算,起诉。,,,X-X-X 刺激 硫酸铜 存贮 赤裸裸 种 闪烁 高粱 崩溃 技术 细菌 嘻嘻。,0
rc_b_10,rc,RCs_SPR_ET,10,房东多次抱怨了住户吗？,b,1,2,list4,那位 最近 房东 抱怨了 好多次 的 住户 找了 律师 而且 打算 起诉。,那位,最近,房东,抱怨了,好多次,的,住户,找了,律师,而且,打算,起诉。,,,X-X-X 刺激 存贮 硫酸铜 赤裸裸 种 闪烁 高粱 崩溃 技术 细菌 嘻嘻。,0
rc_c_10,rc,RCs_SPR_ET,10,房东多次抱怨了住户吗？,c,1,2,list1,律师 找了 那位 最近 抱怨了 房东 好多次 的 住户 而且 打算 起诉。,律师,找了,那位,最近,抱怨了,房东,好多次,的,住户,而且,打算,起诉。,,,X-X-X 湿热 皮肤 刺激 椭圆形 存贮 黑猩猩 种 痉挛 世界 细菌 嘻嘻。,0
rc_d_10,rc,RCs_SPR_ET,10,房东多次抱怨了住户吗？,d,2,2,list2,律师 找了 那位 最近 房东 抱怨了 好多次 的 住户 而且 打算 起诉。,律师,找了,那位,最近,房东,抱怨了,好多次,的,住户,而且,打算,起诉。,,,X-X-X 湿热 皮肤 刺激 存贮 椭圆形 黑猩猩 种 痉挛 世界 细菌 嘻嘻。,0
rc_a_11,rc,RCs_SPR_ET,11,球员上个月骂了教练吗？,a,1,3,list3,那个 上个月 骂了 教练 一顿 的 球员 爱上了 女歌星 还 送她 礼物。,那个,上个月,骂了,教练,一顿,的,球员,爱上了,女歌星,还,送她,礼物。,,,X-X-X 培养基 珍珠 凝结 欣喜 种 切忌 价值观 有所谓 种 丘陵 厌恶。,0
rc_b_11,rc,RCs_SPR_ET,11,球员上个月骂了教练吗？,b,2,3,list4,那个 上个月 骂了 教练 一顿 的 球员 爱上了 女歌星 还 送她 礼物。,那个,上个月,教练,骂了,一顿,的,球员,爱上了,女歌星,还,送她,礼物。,,,X-X-X 培养基 珍珠 凝结 欣喜 种 切忌 价值观 有所谓 种 丘陵 厌恶。,0
rc_c_11,rc,RCs_SPR_ET,11,球员上个月骂了教练吗？,c,1,3,list1,女歌星 爱上了 那个 上个月 骂了 教练 一顿 的 球员 还 送他 礼物。,女歌星,爱上了,那个,上个月,骂了,教练,一顿,的,球员,还,送他,礼物。,,,X-X-X 受精卵 矛盾 林则徐 茫茫 凝结 雕塑 种 放映 种 炼丹 厌恶。,0
rc_d_11,rc,RCs_SPR_ET,11,球员上个月骂了教练吗？,d,2,3,list2,女歌星 爱上了 那个 上个月 教练 骂了 一顿 的 球员 还 送他 礼物。,女歌星,爱上了,那个,上个月,教练,骂了,一顿,的,球员,还,送他,礼物。,,,X-X-X 受精卵 矛盾 林则徐 凝结 茫茫 雕塑 种 放映 种 炼丹 厌恶。,0
rc_a_12,rc,RCs_SPR_ET,12,小提琴手崇拜了指挥家很久吗？,a,2,4,list3,那位 以前 崇拜了 指挥家 很久 的 作曲家 结识了 小提琴手 并且 两人 常见面。,那位,以前,崇拜了,指挥家,很久,的,作曲家,结识了,小提琴手,并且,两人,常见面。,,,X-X-X 解释 诸葛亮 系统性 闪烁 种 二十二 细胞质 干干净净 实践 糟糕 老爷爷。,0
rc_b_12,rc,RCs_SPR_ET,12,小提琴手崇拜了指挥家很久吗？,b,2,4,list4,那位 以前 指挥家 崇拜了 很久 的 作曲家 结识了 小提琴手 并且 两人 常见面。,那位,以前,指挥家,崇拜了,很久,的,作曲家,结识了,小提琴手,并且,两人,常见面。,,,X-X-X 解释 系统性 诸葛亮 闪烁 种 二十二 细胞质 干干净净 实践 糟糕 老爷爷。,0
rc_c_12,rc,RCs_SPR_ET,12,小提琴手结识了作曲家吗？,c,1,4,list1,小提琴手 结识了 那位 以前 崇拜了 指挥家 很久 的 作曲家 并且 两人 常见面。,小提琴手,结识了,那位,以前,崇拜了,指挥家,很久,的,作曲家,并且,两人,常见面。,,,X-X-X 慢吞吞 纷纷 解释 碳酸钠 受精卵 省委 种 愈来愈 矛盾 堵塞 碳酸钙。,0
rc_d_12,rc,RCs_SPR_ET,12,小提琴手结识了作曲家吗？,d,1,4,list2,小提琴手 结识了 那位 以前 指挥家 崇拜了 很久 的 作曲家 并且 两人 常见面。,小提琴手,结识了,那位,以前,指挥家,崇拜了,很久,的,作曲家,并且,两人,常见面。,,,X-X-X 慢吞吞 纷纷 解释 受精卵 碳酸钠 省委 种 愈来愈 矛盾 堵塞 碳酸钙。,0
rc_a_13,rc,RCs_SPR_ET,13,这个女演员很欣赏金城武吗？,a,1,1,list4,这个 去年 批评了 电影局 几次 的 女演员 很欣赏 金城武 因为 他 个性坦率。,这个,去年,批评了,电影局,几次,的,女演员,很欣赏,金城武,因为,他,个性坦率。,,,X-X-X 三十 林巧稚 于右任 尘埃 种 硫酸铜 蒸馏水 销售额 我国 种 氢氧化钠。,0
rc_b_13,rc,RCs_SPR_ET,13,这个女演员很欣赏金城武吗？,b,1,1,list1,这个 去年 电影局 批评了 几次 的 女演员 很欣赏 金城武 因为 他 个性坦率。,这个,去年,电影局,批评了,几次,的,女演员,很欣赏,金城武,因为,他,个性坦率。,,,X-X-X 三十 于右任 林巧稚 尘埃 种 硫酸铜 蒸馏水 销售额 我国 种 氢氧化钠。,0
rc_c_13,rc,RCs_SPR_ET,13,这个女演员很欣赏金城武吗？,c,2,1,list2,金城武 很欣赏 这个 去年 批评了 电影局 几次 的 女演员 因为 她 个性坦率。,金城武,很欣赏,这个,去年,批评了,电影局,几次,的,女演员,因为,她,个性坦率。,,,X-X-X 脂肪酸 问题 三十 奴隶主 据统计 蕴藏 种 氯酸钾 什么 或 血液循环。,0
rc_d_13,rc,RCs_SPR_ET,13,这个女演员很欣赏金城武吗？,d,2,1,list3,金城武 很欣赏 这个 去年 电影局 批评了 几次 的 女演员 因为 她 个性坦率。,金城武,很欣赏,这个,去年,电影局,批评了,几次,的,女演员,因为,她,个性坦率。,,,X-X-X 脂肪酸 问题 三十 据统计 奴隶主 蕴藏 种 氯酸钾 什么 或 血液循环。,0
rc_a_14,rc,RCs_SPR_ET,14,那位飞行员上个月约过空姐吗？,a,2,2,list4,那位 上个月 约会了 飞行员 两次 的 空姐 惹怒了 经理 因为 她 常迟到。,那位,上个月,约会了,飞行员,两次,的,空姐,惹怒了,经理,因为,她,常迟到。,,,X-X-X 甲状腺 西红柿 需要量 亩产 种 歼灭 污染物 繁殖 研究 种 慢吞吞。,0
rc_b_14,rc,RCs_SPR_ET,14,那位飞行员上个月约过空姐吗？,b,1,2,list1,那位 上个月 飞行员 约会了 两次 的 空姐 惹怒了 经理 因为 她 常迟到。,那位,上个月,飞行员,约会了,两次,的,空姐,惹怒了,经理,因为,她,常迟到。,,,X-X-X 甲状腺 需要量 西红柿 亩产 种 歼灭 污染物 繁殖 研究 种 慢吞吞。,0
rc_c_14,rc,RCs_SPR_ET,14,那位飞行员上个月约过空姐吗？,c,2,2,list2,经理 惹怒了 那位 上个月 约会了 飞行员 两次 的 空姐 因为 他 经常 冷嘲热讽。,经理,惹怒了,那位,上个月,约会了,飞行员,两次,的,空姐,因为,他,经常,冷嘲热讽。,,X-X-X 畜牧业 纷纷 肖武斌 西红柿 需要量 压倒 种 侮辱 研究 种 概念 各式各样。,0
rc_d_14,rc,RCs_SPR_ET,14,那位飞行员上个月约过空姐吗？,d,1,2,list3,经理 惹怒了 那位 上个月 飞行员 约会了 两次 的 空姐 因为 他 经常 冷嘲热讽。,经理,惹怒了,那位,上个月,飞行员,约会了,两次,的,空姐,因为,他,经常,冷嘲热讽。,,X-X-X 畜牧业 纷纷 肖武斌 需要量 西红柿 压倒 种 侮辱 研究 种 概念 各式各样。,0
rc_a_15,rc,RCs_SPR_ET,15,男明星今天多次称赞了导演吗？,a,1,3,list4,这位 今天 称赞了 导演 多次 的 男明星 批评了 影评家 并且 表示 很难过。,这位,今天,称赞了,导演,多次,的,男明星,批评了,影评家,并且,表示,很难过。,,,X-X-X 解决 矿物质 遵循 贵族 种 笑嘻嘻 水溶液 赤裸裸 矛盾 规律 冯玉祥。,0
rc_b_15,rc,RCs_SPR_ET,15,男明星今天多次称赞了导演吗？,b,2,3,list1,这位 今天 导演 称赞了 多次 的 男明星 批评了 影评家 并且 表示 很难过。,这位,今天,导演,称赞了,多次,的,男明星,批评了,影评家,并且,表示,很难过。,,,X-X-X 解决 遵循 矿物质 贵族 种 笑嘻嘻 水溶液 赤裸裸 矛盾 规律 冯玉祥。,0
rc_c_15,rc,RCs_SPR_ET,15,男明星今天多次称赞了导演吗？,c,1,3,list2,影评家 批评了 这位 今天 称赞了 导演 多次 的 男明星 并且 表示 很难过。,影评家,批评了,这位,今天,称赞了,导演,多次,的,男明星,并且,表示,很难过。,,,X-X-X 县政府 习惯 增加 郭沫若 遵循 贵族 我 千百万 矛盾 规律 氧化铜。,0
rc_d_15,rc,RCs_SPR_ET,15,男明星今天多次称赞了导演吗？,d,2,3,list3,影评家 批评了 这位 今天 导演 称赞了 多次 的 男明星 并且 表示 很难过。,影评家,批评了,这位,今天,导演,称赞了,多次,的,男明星,并且,表示,很难过。,,,X-X-X 县政府 习惯 增加 遵循 郭沫若 贵族 我 千百万 矛盾 规律 氧化铜。,0
rc_a_16,rc,RCs_SPR_ET,16,那位候选人昨天质疑了记者吗？,a,2,4,list4,那位 昨天 采访了 作家 两个小时 的 记者 质疑了 候选人 而且 扬言 报复。,那位,昨天,采访了,作家,两个小时,的,记者,质疑了,候选人,而且,扬言,报复。,,,X-X-X 优秀 碳酸钙 恢复 气喘吁吁 种 缺乏 碳酸钙 习惯于 教育 石匠 牲畜。,0
rc_b_16,rc,RCs_SPR_ET,16,那位候选人昨天质疑了记者吗？,b,2,4,list1,那位 昨天 作家 采访了 两个小时 的 记者 质疑了 候选人 而且 扬言 报复。,那位,昨天,作家,采访了,两个小时,的,记者,质疑了,候选人,而且,扬言,报复。,,,X-X-X 优秀 恢复 碳酸钙 气喘吁吁 种 缺乏 碳酸钙 习惯于 教育 石匠 牲畜。,0
rc_c_16,rc,RCs_SPR_ET,16,那位候选人昨天质疑了记者吗？,c,1,4,list2,候选人 质疑了 那位 昨天 采访了 作家 两个小时 的 记者 而且 扬言 报复。,候选人,质疑了,那位,昨天,采访了,作家,两个小时,的,记者,而且,扬言,报复。,,,X-X-X 体育课 纷纷 兴奋 黑猩猩 仿佛 气喘吁吁 种 缺乏 技术 蔬菜 牲畜。,0
rc_d_16,rc,RCs_SPR_ET,16,那位候选人昨天质疑了记者吗？,d,1,4,list3,候选人 质疑了 那位 昨天 作家 采访了 两个小时 的 记者 而且 扬言 报复。,候选人,质疑了,那位,昨天,作家,采访了,两个小时,的,记者,而且,扬言,报复。,,,X-X-X 体育课 纷纷 兴奋 仿佛 黑猩猩 气喘吁吁 种 缺乏 技术 蔬菜 牲畜。,0
rc_a_17,rc,RCs_ET,17,那个小狗嗅出主人吗?,a,1,1,list1,那个 今早 追了 犯人 一会儿 的 小狗 嗅出 主人 并且 停了 下来。,那个,今早,追了,犯人,一会儿,的,小狗,嗅出,主人,并且,停了,下来。,,,X-X-X 欺侮 八旗 迁徙 蒋介石 种 收割 市政 给予 实践 党政 环境。,0
rc_b_17,rc,RCs_ET,17,那个小狗嗅出主人吗?,b,1,1,list2,那个 今早 犯人 追了 一会儿 的 小狗 嗅出 主人 并且 停了 下来。,那个,今早,犯人,追了,一会儿,的,小狗,嗅出,主人,并且,停了,下来。,,,X-X-X 欺侮 迁徙 八旗 蒋介石 种 收割 市政 给予 实践 党政 环境。,0
rc_c_17,rc,RCs_ET,17,那个小狗嗅出主人吗?,c,2,1,list3,主人 嗅出 那个 今早 追了 犯人 一会儿 的 小狗 并且 停了 下来。,主人,嗅出,那个,今早,追了,犯人,一会儿,的,小狗,并且,停了,下来。,,,X-X-X 旗帜 矛盾 赠送 八旗 迁徙 蒋介石 种 栽培 政策 氮肥 环境。,0
rc_d_17,rc,RCs_ET,17,那个小狗嗅出主人吗?,d,2,1,list4,主人 嗅出 那个 今早 犯人 追了 一会儿 的 小狗 并且 停了 下来。,主人,嗅出,那个,今早,犯人,追了,一会儿,的,小狗,并且,停了,下来。,,,X-X-X 旗帜 矛盾 赠送 迁徙 八旗 蒋介石 种 栽培 政策 氮肥 环境。,0
rc_a_18,rc,RCs_ET,18,那位妈妈通知管理员吗?,a,1,1,list2,那位 昨天 教训了 邻居 一番 的 妈妈 通知 管理员 然后 报怨了 一个小时。,那位,昨天,教训了,邻居,一番,的,妈妈,通知,管理员,然后,报怨了,一个小时。,,,X-X-X 消耗 柬埔寨 奠定 锻炼 种 逐渐 六十 碳酸钠 矛盾 墨西哥 眼花缭乱。,0
rc_b_18,rc,RCs_ET,18,那位妈妈通知管理员吗?,b,1,1,list3,那位 昨天 邻居 教训了 一番 的 妈妈 通知 管理员 然后 报怨了 一个小时。,那位,昨天,邻居,教训了,一番,的,妈妈,通知,管理员,然后,报怨了,一个小时。,,,X-X-X 消耗 奠定 柬埔寨 锻炼 种 逐渐 六十 碳酸钠 矛盾 墨西哥 眼花缭乱。,0
rc_c_18,rc,RCs_ET,18,那位妈妈通知管理员吗?,c,2,1,list4,管理员 通知 那位 昨天 教训了 邻居 一番 的 妈妈 然后 报怨了 一个小时。,管理员,通知,那位,昨天,教训了,邻居,一番,的,妈妈,然后,报怨了,一个小时。,,,X-X-X 香港 纷纷 消耗 硝酸钾 奠定 锻炼 种 逐渐 矛盾 古希腊 眼花缭乱。,0
rc_d_18,rc,RCs_ET,18,那位妈妈通知管理员吗?,d,2,1,list1,管理员 通知 那位 昨天 邻居 教训了 一番 的 妈妈 然后 报怨了 一个小时。,管理员,通知,那位,昨天,邻居,教训了,一番,的,妈妈,然后,报怨了,一个小时。,,,X-X-X 香港 纷纷 消耗 奠定 硝酸钾 锻炼 种 逐渐 矛盾 古希腊 眼花缭乱。,0
rc_a_19,rc,RCs_ET,19,这位政治家附议外交官吗?,a,1,1,list3,这位 去年 密会了 外交部 一次 的 政治家 附议 外交官 并且 相信他。,这位,去年,密会了,外交部,一次,的,政治家,附议,外交官,并且,相信他。,,,,X-X-X 解放 叶倩倩 碳酸钠 颌骨 种 笑嘻嘻 盆景 白细胞 矛盾 老奶奶。,0
rc_b_19,rc,RCs_ET,19,这位政治家附议外交官吗?,b,1,1,list4,这位 去年 外交部 密会了 一次 的 政治家 附议 外交官 并且 相信他。,这位,去年,外交部,密会了,一次,的,政治家,附议,外交官,并且,相信他。,,,,X-X-X 解放 碳酸钠 叶倩倩 颌骨 种 笑嘻嘻 盆景 白细胞 矛盾 老奶奶。,0
rc_c_19,rc,RCs_ET,19,这位政治家附议外交官吗?,c,2,1,list1,外交官 附议 这位 去年 密会了 外交部 一次 的 政治家 并且 相信他。,外交官,附议,这位,去年,密会了,外交部,一次,的,政治家,并且,相信他。,,,,X-X-X 悄悄 习惯 转化 林巧稚 碳酸钠 劳累 种 笑嘻嘻 矛盾 叶倩倩。,0
rc_d_19,rc,RCs_ET,19,这位政治家附议外交官吗?,d,2,1,list2,外交官 附议 这位 去年 外交部 密会了 一次 的 政治家 并且 相信他。,外交官,附议,这位,去年,外交部,密会了,一次,的,政治家,并且,相信他。,,,,X-X-X 悄悄 习惯 转化 碳酸钠 林巧稚 劳累 种 笑嘻嘻 矛盾 叶倩倩。,0
rc_a_20,rc,RCs_ET,20,那个评论家洽询出版商吗?,a,1,1,list4,那个 今年 批评了 作家 一番 的 评论家 洽询 出版商 并且 建议了 出版内容。,那个,今年,批评了,作家,一番,的,评论家,洽询,出版商,并且,建议了,出版内容。,,,X-X-X 吸收 氯酸钾 仿佛 溶解 种 慢吞吞 稻草 诸葛亮 矛盾 叶绿素 气喘吁吁。,0
rc_b_20,rc,RCs_ET,20,那个评论家洽询出版商吗?,b,1,1,list1,那个 今年 作家 批评了 一番 的 评论家 洽询 出版商 并且 建议了 出版内容。,那个,今年,作家,批评了,一番,的,评论家,洽询,出版商,并且,建议了,出版内容。,,,X-X-X 吸收 仿佛 氯酸钾 溶解 种 慢吞吞 稻草 诸葛亮 矛盾 叶绿素 气喘吁吁。,0
rc_c_20,rc,RCs_ET,20,那个评论家洽询出版商吗?,c,2,1,list2,出版商 洽询 那个 今年 批评了 作家 一番 的 评论家 并且 建议了 出版内容。,出版商,洽询,那个,今年,批评了,作家,一番,的,评论家,并且,建议了,出版内容。,,,X-X-X 羊毛 矛盾 吸收 碳酸钙 仿佛 溶解 种 慢吞吞 矛盾 乒乓球 宏观经济。,0
rc_d_20,rc,RCs_ET,20,那个评论家洽询出版商吗?,d,2,1,list3,出版商 洽询 那个 今年 作家 批评了 一番 的 评论家 并且 建议了 出版内容。,出版商,洽询,那个,今年,作家,批评了,一番,的,评论家,并且,建议了,出版内容。,,,X-X-X 羊毛 矛盾 吸收 仿佛 碳酸钙 溶解 种 慢吞吞 矛盾 乒乓球 宏观经济。,0
rc_a_21,rc,RCs_ET,21,那位学生称赞了老师吗?,a,2,2,list1,那位 下午 称赞了 学生 多次 的 老师 认出 家长 然后 打了招呼。,那位,下午,称赞了,学生,多次,的,老师,认出,家长,然后,打了招呼。,,,,X-X-X 危险 碳酸钠 根据 贵族 种 广泛 尘埃 均匀 实践 氢氧化钠。,0
rc_b_21,rc,RCs_ET,21,那位学生称赞了老师吗?,b,1,2,list2,那位 下午 学生 称赞了 多次 的 老师 认出 家长 然后 打了招呼。,那位,下午,学生,称赞了,多次,的,老师,认出,家长,然后,打了招呼。,,,,X-X-X 危险 根据 碳酸钠 贵族 种 广泛 尘埃 均匀 实践 氢氧化钠。,0
rc_c_21,rc,RCs_ET,21,那位学生称赞了老师吗?,c,2,2,list3,家长 认出 那位 下午 称赞了 学生 多次 的 老师 然后 打了招呼。,家长,认出,那位,下午,称赞了,学生,多次,的,老师,然后,打了招呼。,,,,X-X-X 尘埃 皮肤 概括 硝酸钾 根据 贵族 种 广泛 政府 环境污染。,0
rc_d_21,rc,RCs_ET,21,那位学生称赞了老师吗?,d,1,2,list4,家长 认出 那位 下午 学生 称赞了 多次 的 老师 然后 打了招呼。,家长,认出,那位,下午,学生,称赞了,多次,的,老师,然后,打了招呼。,,,,X-X-X 尘埃 皮肤 概括 根据 硝酸钾 贵族 种 广泛 政府 环境污染。,0
rc_a_22,rc,RCs_ET,22,那位护士协助了营养师吗?,a,2,2,list2,那位 上周 协助了 护士 一整天 的 营养师 看了 医生 而且 确定病征。,那位,上周,协助了,护士,一整天,的,营养师,看了,医生,而且,确定病征。,,,,X-X-X 右倾 银河系 淡淡 习惯于 种 诸葛亮 竹竿 交换 企业 北洋军阀。,0
rc_b_22,rc,RCs_ET,22,那位护士协助了营养师吗?,b,1,2,list3,那位 上周 护士 协助了 一整天 的 营养师 看了 医生 而且 确定病征。,那位,上周,护士,协助了,一整天,的,营养师,看了,医生,而且,确定病征。,,,,X-X-X 右倾 淡淡 银河系 习惯于 种 诸葛亮 竹竿 交换 企业 北洋军阀。,0
rc_c_22,rc,RCs_ET,22,那位护士协助了营养师吗?,c,2,2,list4,医生 看了 那位 上周 协助了 护士 一整天 的 营养师 而且 确定病征。,医生,看了,那位,上周,协助了,护士,一整天,的,营养师,而且,确定病征。,,,,X-X-X 硫酸 纷纷 渲染 邓颖超 淡淡 硫酸铜 种 赤裸裸 企业 奴隶社会。,0
rc_d_22,rc,RCs_ET,22,那位护士协助了营养师吗?,d,1,2,list1,医生 看了 那位 上周 护士 协助了 一整天 的 营养师 而且 确定病征。,医生,看了,那位,上周,护士,协助了,一整天,的,营养师,而且,确定病征。,,,,X-X-X 硫酸 纷纷 渲染 淡淡 邓颖超 硫酸铜 种 赤裸裸 企业 奴隶社会。,0
rc_a_23,rc,RCs_ET,23,新同事看过员工吗?,a,2,2,list3,这位 上个月 看过 新同事 几次 的 员工 说服了 上司 然后 转了部门。,这位,上个月,看过,新同事,几次,的,员工,说服了,上司,然后,转了部门。,,,,X-X-X 笑眯眯 脂肪 笑眯眯 崎岖 种 荒唐 脂肪酸 蒸馏 实践 风俗习惯。,0
rc_b_23,rc,RCs_ET,23,新同事看过员工吗?,b,1,2,list4,这位 上个月 新同事 看过 几次 的 员工 说服了 上司 然后 转了部门。,这位,上个月,新同事,看过,几次,的,员工,说服了,上司,然后,转了部门。,,,,X-X-X 笑眯眯 笑眯眯 脂肪 崎岖 种 荒唐 脂肪酸 蒸馏 实践 风俗习惯。,0
rc_c_23,rc,RCs_ET,23,新同事看过员工吗?,c,2,2,list1,上司 说服了 这位 上个月 看过 新同事 几次 的 员工 然后 转了部门。,上司,说服了,这位,上个月,看过,新同事,几次,的,员工,然后,转了部门。,,,,X-X-X 历史性 教授 郭沫若 脂肪 笑眯眯 稳固 种 五十 矛盾 血液循环。,0
rc_d_23,rc,RCs_ET,23,新同事看过员工吗?,d,1,2,list2,上司 说服了 这位 上个月 新同事 看过 几次 的 员工 然后 转了部门。,上司,说服了,这位,上个月,新同事,看过,几次,的,员工,然后,转了部门。,,,,X-X-X 历史性 教授 郭沫若 笑眯眯 脂肪 稳固 种 五十 矛盾 血液循环。,0
rc_a_24,rc,RCs_ET,24,妻子陪了丈夫吗?,a,2,2,list4,这位 上午 陪了 妻子 许久 的 丈夫 问了 旅行社 然后 决定 规划旅行。,这位,上午,陪了,妻子,许久,的,丈夫,问了,旅行社,然后,决定,规划旅行。,,,X-X-X 锻炼 胳膊 否则 悬殊 种 贯彻 腹腔 氧化铜 矛盾 艺术 气喘吁吁。,0
rc_b_24,rc,RCs_ET,24,妻子陪了丈夫吗?,b,1,2,list1,这位 上午 妻子 陪了 许久 的 丈夫 问了 旅行社 然后 决定 规划旅行。,这位,上午,妻子,陪了,许久,的,丈夫,问了,旅行社,然后,决定,规划旅行。,,,X-X-X 锻炼 否则 胳膊 悬殊 种 贯彻 腹腔 氧化铜 矛盾 艺术 气喘吁吁。,0
rc_c_24,rc,RCs_ET,24,妻子陪了丈夫吗?,c,2,2,list2,旅行社 问了 这位 上午 陪了 妻子 许久 的 丈夫 然后 决定 规划旅行。,旅行社,问了,这位,上午,陪了,妻子,许久,的,丈夫,然后,决定,规划旅行。,,,X-X-X 蝌蚪 权利 锻炼 卵巢 否则 悬殊 种 贯彻 矛盾 艺术 剥削阶级。,0
rc_d_24,rc,RCs_ET,24,妻子陪了丈夫吗?,d,1,2,list3,旅行社 问了 这位 上午 妻子 陪了 许久 的 丈夫 然后 决定 规划旅行。,旅行社,问了,这位,上午,妻子,陪了,许久,的,丈夫,然后,决定,规划旅行。,,,X-X-X 蝌蚪 权利 锻炼 否则 卵巢 悬殊 种 贯彻 矛盾 艺术 剥削阶级。,0
rc_a_25,rc,RCs_ET,25,女孩询问了店员吗?,a,1,3,list1,那个 上午 询问了 店员 几次 的 女孩 找到了 妈妈 然后 回了家。,那个,上午,询问了,店员,几次,的,女孩,找到了,妈妈,然后,回了家。,,,,X-X-X 锻炼 卵细胞 巩固 碉堡 种 贮藏 柬埔寨 逐渐 矛盾 碳酸钠。,0
rc_b_25,rc,RCs_ET,25,女孩询问了店员吗?,b,2,3,list2,那个 上午 店员 询问了 几次 的 女孩 找到了 妈妈 然后 回了家。,那个,上午,店员,询问了,几次,的,女孩,找到了,妈妈,然后,回了家。,,,,X-X-X 锻炼 巩固 卵细胞 碉堡 种 贮藏 柬埔寨 逐渐 矛盾 碳酸钠。,0
rc_c_25,rc,RCs_ET,25,女孩询问了店员吗?,c,1,3,list3,妈妈 找到了 那个 上午 询问了 店员 几次 的 女孩 然后 回了家。,妈妈,找到了,那个,上午,询问了,店员,几次,的,女孩,然后,回了家。,,,,X-X-X 葡萄糖 矛盾 锻炼 邓颖超 驰骋 豌豆 种 悲惨 矛盾 鄂伦春。,0
rc_d_25,rc,RCs_ET,25,女孩询问了店员吗?,d,2,3,list4,妈妈 找到了 那个 上午 店员 询问了 几次 的 女孩 然后 回了家。,妈妈,找到了,那个,上午,店员,询问了,几次,的,女孩,然后,回了家。,,,,X-X-X 葡萄糖 矛盾 锻炼 驰骋 邓颖超 豌豆 种 悲惨 矛盾 鄂伦春。,0
rc_a_26,rc,RCs_ET,26,商人恭喜了新娘吗?,a,1,3,list2,这个 去年 恭喜了 新娘 几次 的 商人 吻了 女儿 并且 举办了 喜宴。,这个,去年,恭喜了,新娘,几次,的,商人,吻了,女儿,并且,举办了,喜宴。,,,X-X-X 检查 碳酸钠 稍稍 摧毁 种 阻碍 卵巢 代替 实践 水溶液 损害。,0
rc_b_26,rc,RCs_ET,26,商人恭喜了新娘吗?,b,2,3,list3,这个 去年 新娘 恭喜了 几次 的 商人 吻了 女儿 并且 举办了 喜宴。,这个,去年,新娘,恭喜了,几次,的,商人,吻了,女儿,并且,举办了,喜宴。,,,X-X-X 检查 稍稍 碳酸钠 摧毁 种 阻碍 卵巢 代替 实践 水溶液 损害。,0
rc_c_26,rc,RCs_ET,26,商人恭喜了新娘吗?,c,1,3,list4,女儿 吻了 这个 去年 恭喜了 新娘 几次 的 商人 并且 举办了 喜宴。,女儿,吻了,这个,去年,恭喜了,新娘,几次,的,商人,并且,举办了,喜宴。,,,X-X-X 稻草 研究 检查 氯化钠 稍稍 嘻嘻 种 阻碍 实践 电磁波 吭声。,0
rc_d_26,rc,RCs_ET,26,商人恭喜了新娘吗?,d,2,3,list1,女儿 吻了 这个 去年 新娘 恭喜了 几次 的 商人 并且 举办了 喜宴。,女儿,吻了,这个,去年,新娘,恭喜了,几次,的,商人,并且,举办了,喜宴。,,,X-X-X 稻草 研究 检查 稍稍 氯化钠 嘻嘻 种 阻碍 实践 电磁波 吭声。,0
rc_a_27,rc,RCs_ET,27,播报员相信了科学家吗?,a,1,3,list3,这位 昨晚 谘询了 科学家 一下 的 播报员 联系 物理专家 并且 调查了 真相。,这位,昨晚,谘询了,科学家,一下,的,播报员,联系,物理专家,并且,调查了,真相。,,,X-X-X 干吗 细胞膜 怎么样 包括 种 赤裸裸 环境 或多或少 矛盾 叶倩倩 贪婪。,0
rc_b_27,rc,RCs_ET,27,播报员相信了科学家吗?,b,2,3,list4,这位 昨晚 科学家 谘询了 一下 的 播报员 联系 物理专家 并且 调查了 真相。,这位,昨晚,科学家,谘询了,一下,的,播报员,联系,物理专家,并且,调查了,真相。,,,X-X-X 干吗 怎么样 细胞膜 包括 种 赤裸裸 环境 或多或少 矛盾 叶倩倩 贪婪。,0
rc_c_27,rc,RCs_ET,27,播报员相信了科学家吗?,c,1,3,list1,物理专家 联系 这位 昨晚 谘询了 科学家 一下 的 播报员 并且 调查了 真相。,物理专家,联系,这位,昨晚,谘询了,科学家,一下,的,播报员,并且,调查了,真相。,,,X-X-X 环境 习惯 毁灭 细胞质 越来越 包括 种 四十五 矛盾 甲状腺 贪婪。,0
rc_d_27,rc,RCs_ET,27,播报员相信了科学家吗?,d,2,3,list2,物理专家 联系 这位 昨晚 谘询了 科学家 一下 的 播报员 并且 调查了 真相。,物理专家,联系,这位,昨晚,谘询了,科学家,一下,的,播报员,并且,调查了,真相。,,,X-X-X 环境 习惯 毁灭 越来越 细胞质 包括 种 四十五 矛盾 甲状腺 贪婪。,0
rc_a_28,rc,RCs_ET,28,歌剧家联络了小说家吗?,a,1,3,list4,那个 前天 联络了 小说家 两次 的 歌剧家 想到 大学教授 所以 打了电话 给他。,那个,前天,联络了,小说家,两次,的,歌剧家,想到,大学教授,所以,打了电话,给他。,,,X-X-X 围剿 柴油机 脚步声 幼稚 种 鄂温克 爸爸 全神贯注 条件 血液循环 膳食。,0
rc_b_28,rc,RCs_ET,28,歌剧家联络了小说家吗?,b,2,3,list1,那个 前天 小说家 联络了 两次 的 歌剧家 想到 大学教授 所以 打了电话 给他。,那个,前天,小说家,联络了,两次,的,歌剧家,想到,大学教授,所以,打了电话,给他。,,,X-X-X 围剿 脚步声 柴油机 幼稚 种 鄂温克 爸爸 全神贯注 条件 血液循环 膳食。,0
rc_c_28,rc,RCs_ET,28,歌剧家联络了小说家吗?,c,1,3,list2,大学教授 想到 那个 前天 联络了 小说家 两次 的 歌剧家 所以 打了电话 给他。,大学教授,想到,那个,前天,联络了,小说家,两次,的,歌剧家,所以,打了电话,给他。,,,X-X-X 舞蹈 性质 围剿 千百万 笑眯眯 凌晨 种 林巧稚 条件 势力范围 凶猛。,0
rc_d_28,rc,RCs_ET,28,歌剧家联络了小说家吗?,d,2,3,list3,大学教授 想到 那个 前天 小说家 联络了 两次 的 歌剧家 所以 打了电话 给他。,大学教授,想到,那个,前天,小说家,联络了,两次,的,歌剧家,所以,打了电话,给他。,,,X-X-X 舞蹈 性质 围剿 笑眯眯 千百万 凌晨 种 林巧稚 条件 势力范围 凶猛。,0
rc_a_29,rc,RCs_ET,29,伯伯送了这个叔叔吗?,a,2,4,list1,这个 刚才 接了 姑姑 一次 的 叔叔 送了 伯伯 并且 一起 坐车去。,这个,刚才,接了,姑姑,一次,的,叔叔,送了,伯伯,并且,一起,坐车去。,,,X-X-X 溶液 蜡烛 烙印 狡猾 种 毫无 荒凉 衡量 矛盾 性质 伽利略。,0
rc_b_29,rc,RCs_ET,29,伯伯送了这个叔叔吗?,b,2,4,list2,这个 刚才 姑姑 接了 一次 的 叔叔 送了 伯伯 并且 一起 坐车去。,这个,刚才,姑姑,接了,一次,的,叔叔,送了,伯伯,并且,一起,坐车去。,,,X-X-X 溶液 烙印 蜡烛 狡猾 种 毫无 荒凉 衡量 矛盾 性质 伽利略。,0
rc_c_29,rc,RCs_ET,29,伯伯送了这个叔叔吗?,c,1,4,list3,伯伯 送了 这个 刚才 接了 姑姑 一次 的 叔叔 并且 一起 坐车去。,伯伯,送了,这个,刚才,接了,姑姑,一次,的,叔叔,并且,一起,坐车去。,,,X-X-X 椭圆 研究 溶液 症状 凭证 规模 种 描述 质量 性质 段祺瑞。,0
rc_d_29,rc,RCs_ET,29,伯伯送了这个叔叔吗?,d,1,4,list4,伯伯 送了 这个 刚才 姑姑 接了 一次 的 叔叔 并且 一起 坐车去。,伯伯,送了,这个,刚才,姑姑,接了,一次,的,叔叔,并且,一起,坐车去。,,,X-X-X 椭圆 研究 溶液 凭证 症状 规模 种 描述 质量 性质 段祺瑞。,0
rc_a_30,rc,RCs_ET,30,一位女孩遇见这个男生吗?,a,2,4,list2,这个 今晚 服务了 空乘 两次 的 男生 遇见 一位女孩 然后 要了 电话号码。,这个,今晚,服务了,空乘,两次,的,男生,遇见,一位女孩,然后,要了,电话号码。,,,X-X-X 亏损 郭沫若 祈祷 艰巨 种 汹涌 菊花 二氧化硫 规律 癌症 二氧化硫。,0
rc_b_30,rc,RCs_ET,30,一位女孩遇见这个男生吗?,b,2,4,list3,这个 今晚 空乘 服务了 两次 的 男生 遇见 一位女孩 然后 要了 电话号码。,这个,今晚,空乘,服务了,两次,的,男生,遇见,一位女孩,然后,要了,电话号码。,,,X-X-X 亏损 祈祷 郭沫若 艰巨 种 汹涌 菊花 二氧化硫 规律 癌症 二氧化硫。,0
rc_c_30,rc,RCs_ET,30,一位女孩遇见这个男生吗?,c,1,4,list4,一位女孩 遇见 这个 今晚 服务了 空乘 两次 的 男生 然后 要了 电话号码。,一位女孩,遇见,这个,今晚,服务了,空乘,两次,的,男生,然后,要了,电话号码。,,,X-X-X 菊花 发展 亏损 甲状腺 争夺 原谅 种 获奖 规律 旗袍 艰苦奋斗。,0
rc_d_30,rc,RCs_ET,30,一位女孩遇见这个男生吗?,d,1,4,list1,一位女孩 遇见 这个 今晚 空乘 服务了 两次 的 男生 然后 要了 电话号码。,一位女孩,遇见,这个,今晚,空乘,服务了,两次,的,男生,然后,要了,电话号码。,,,X-X-X 菊花 发展 亏损 争夺 甲状腺 原谅 种 获奖 规律 旗袍 艰苦奋斗。,0
rc_a_31,rc,RCs_ET,31,好朋友拒绝那个学生吗?,a,2,4,list3,那个 刚刚 邀请了 女同学 一次 的 学生 拒绝了 好朋友 并且 离开了 教室。,那个,刚刚,邀请了,女同学,一次,的,学生,拒绝了,好朋友,并且,离开了,教室。,,,X-X-X 趋势 湖南省 催化剂 遗嘱 种 根据 碳酸钠 啄木鸟 阶段 史岱年 疲劳。,0
rc_b_31,rc,RCs_ET,31,好朋友拒绝那个学生吗?,b,2,4,list4,那个 刚刚 女同学 邀请了 一次 的 学生 拒绝了 好朋友 并且 离开了 教室。,那个,刚刚,女同学,邀请了,一次,的,学生,拒绝了,好朋友,并且,离开了,教室。,,,X-X-X 趋势 催化剂 湖南省 遗嘱 种 根据 碳酸钠 啄木鸟 阶段 史岱年 疲劳。,0
rc_c_31,rc,RCs_ET,31,好朋友拒绝那个学生吗?,c,1,4,list1,好朋友 拒绝了 那个 刚刚 邀请了 女同学 一次 的 学生 并且 离开了 教室。,好朋友,拒绝了,那个,刚刚,邀请了,女同学,一次,的,学生,并且,离开了,教室。,,,X-X-X 卵细胞 矛盾 趋势 碳酸钠 慢吞吞 瘫痪 种 怎么 矛盾 硝酸钾 疲劳。,0
rc_d_31,rc,RCs_ET,31,好朋友拒绝那个学生吗?,d,1,4,list2,好朋友 拒绝了 那个 刚刚 女同学 邀请了 一次 的 学生 并且 离开了 教室。,好朋友,拒绝了,那个,刚刚,女同学,邀请了,一次,的,学生,并且,离开了,教室。,,,X-X-X 卵细胞 矛盾 趋势 慢吞吞 碳酸钠 瘫痪 种 怎么 矛盾 硝酸钾 疲劳。,0
rc_a_32,rc,RCs_ET,32,青梅竹马撞到那位生意人吗?,a,2,4,list4,那位 昨天 拜访了 亲戚 整个下午 的 生意人 撞到 青梅竹马 并且 感到讶异。,那位,昨天,拜访了,亲戚,整个下午,的,生意人,撞到,青梅竹马,并且,感到讶异。,,,,X-X-X 描写 吴佩孚 腐朽 血液循环 种 李鸿章 颌骨 宗教改革 改革 宏观经济。,0
rc_b_32,rc,RCs_ET,32,青梅竹马撞到那位生意人吗?,b,2,4,list1,那位 昨天 亲戚 拜访了 整个下午 的 生意人 撞到 青梅竹马 并且 感到讶异。,那位,昨天,亲戚,拜访了,整个下午,的,生意人,撞到,青梅竹马,并且,感到讶异。,,,,X-X-X 描写 腐朽 吴佩孚 血液循环 种 李鸿章 颌骨 宗教改革 改革 宏观经济。,0
rc_c_32,rc,RCs_ET,32,青梅竹马撞到那位生意人吗?,c,1,4,list2,青梅竹马 撞到 那位 昨天 拜访了 亲戚 整个下午 的 生意人 并且 感到讶异。,青梅竹马,撞到,那位,昨天,拜访了,亲戚,整个下午,的,生意人,并且,感到讶异。,,,,X-X-X 泥坑 纷纷 消耗 段祺瑞 腐朽 技术革命 种 索泓一 改革 价值规律。,0
rc_d_32,rc,RCs_ET,32,青梅竹马撞到那位生意人吗?,d,1,4,list3,青梅竹马 撞到 那位 昨天 亲戚 拜访了 整个下午 的 生意人 并且 感到讶异。,青梅竹马,撞到,那位,昨天,亲戚,拜访了,整个下午,的,生意人,并且,感到讶异。,,,,X-X-X 泥坑 纷纷 消耗 腐朽 段祺瑞 技术革命 种 索泓一 改革 价值规律。,0
fill_filler_101,fill,Filler,101,日子过得很惬意是在旅馆写剧本的那段时间？,filler,1,99,list1,在 旅馆 写 剧本 的 那段 时间 日子 过得 很 惬意。,在,旅馆,写,剧本,的,那段,时间,日子,过得,很,惬意。,,,,X-X-X 吩咐 句 愤怒 个 烙印 必须 批评 贷款 呢 脂肪。,0
fill_filler_101,fill,Filler,101,日子过得很惬意是在旅馆写剧本的那段时间？,filler,1,99,list2,在 旅馆 写 剧本 的 那段 时间 日子 过得 很 惬意。,在,旅馆,写,剧本,的,那段,时间,日子,过得,很,惬意。,,,,X-X-X 吩咐 句 愤怒 个 烙印 必须 批评 贷款 呢 脂肪。,0
fill_filler_101,fill,Filler,101,日子过得很惬意是在旅馆写剧本的那段时间？,filler,1,99,list3,在 旅馆 写 剧本 的 那段 时间 日子 过得 很 惬意。,在,旅馆,写,剧本,的,那段,时间,日子,过得,很,惬意。,,,,X-X-X 吩咐 句 愤怒 个 烙印 必须 批评 贷款 呢 脂肪。,0
fill_filler_101,fill,Filler,101,日子过得很惬意是在旅馆写剧本的那段时间？,filler,1,99,list4,在 旅馆 写 剧本 的 那段 时间 日子 过得 很 惬意。,在,旅馆,写,剧本,的,那段,时间,日子,过得,很,惬意。,,,,X-X-X 吩咐 句 愤怒 个 烙印 必须 批评 贷款 呢 脂肪。,0
fill_filler_102,fill,Filler,102,不能规格化的产品是手工艺时代的特色？,filler,1,99,list1,这种 不能 规格化 的 产品 本来 就是 手工艺 时代 的 特色。,这种,不能,规格化,的,产品,本来,就是,手工艺,时代,的,特色。,,,,X-X-X 问题 郭沫若 我 甚至 恢复 问题 怎么说 告诉 他 居住。,0
fill_filler_102,fill,Filler,102,不能规格化的产品是手工艺时代的特色？,filler,1,99,list2,这种 不能 规格化 的 产品 本来 就是 手工艺 时代 的 特色。,这种,不能,规格化,的,产品,本来,就是,手工艺,时代,的,特色。,,,,X-X-X 问题 郭沫若 我 甚至 恢复 问题 怎么说 告诉 他 居住。,0
fill_filler_102,fill,Filler,102,不能规格化的产品是手工艺时代的特色？,filler,1,99,list3,这种 不能 规格化 的 产品 本来 就是 手工艺 时代 的 特色。,这种,不能,规格化,的,产品,本来,就是,手工艺,时代,的,特色。,,,,X-X-X 问题 郭沫若 我 甚至 恢复 问题 怎么说 告诉 他 居住。,0
fill_filler_102,fill,Filler,102,不能规格化的产品是手工艺时代的特色？,filler,1,99,list4,这种 不能 规格化 的 产品 本来 就是 手工艺 时代 的 特色。,这种,不能,规格化,的,产品,本来,就是,手工艺,时代,的,特色。,,,,X-X-X 问题 郭沫若 我 甚至 恢复 问题 怎么说 告诉 他 居住。,0
fill_filler_103,fill,Filler,103,比利时酿制啤酒的历史从罗马帝国时代就开始了？,filler,1,99,list1,比利时 酿制 啤酒 的 历史 很久 从 罗马帝国 时代 就 开始 了。,比利时,酿制,啤酒,的,历史,很久,从,罗马帝国,时代,就,开始,了。,,,X-X-X 告诫 慌乱 我 怎么 闪烁 两 刑事诉讼 告诉 种 技术 我。,0
fill_filler_103,fill,Filler,103,比利时酿制啤酒的历史从罗马帝国时代就开始了？,filler,1,99,list2,比利时 酿制 啤酒 的 历史 很久 从 罗马帝国 时代 就 开始 了。,比利时,酿制,啤酒,的,历史,很久,从,罗马帝国,时代,就,开始,了。,,,X-X-X 告诫 慌乱 我 怎么 闪烁 两 刑事诉讼 告诉 种 技术 我。,0
fill_filler_103,fill,Filler,103,比利时酿制啤酒的历史从罗马帝国时代就开始了？,filler,1,99,list3,比利时 酿制 啤酒 的 历史 很久 从 罗马帝国 时代 就 开始 了。,比利时,酿制,啤酒,的,历史,很久,从,罗马帝国,时代,就,开始,了。,,,X-X-X 告诫 慌乱 我 怎么 闪烁 两 刑事诉讼 告诉 种 技术 我。,0
fill_filler_103,fill,Filler,103,比利时酿制啤酒的历史从罗马帝国时代就开始了？,filler,1,99,list4,比利时 酿制 啤酒 的 历史 很久 从 罗马帝国 时代 就 开始 了。,比利时,酿制,啤酒,的,历史,很久,从,罗马帝国,时代,就,开始,了。,,,X-X-X 告诫 慌乱 我 怎么 闪烁 两 刑事诉讼 告诉 种 技术 我。,0
fill_filler_104,fill,Filler,104,马丁尼会被我选为代表寂寞的酒？,filler,1,99,list1,如果 要 选 一种 鸡尾酒 来 代表 寂寞 的话 我会 选 马丁尼。,如果,要,选,一种,鸡尾酒,来,代表,寂寞,的话,我会,选,马丁尼。,,,X-X-X 个 唉 检测 秦始皇 小 矛盾 偷偷 避免 艰苦 亿 饲养员。,0
fill_filler_104,fill,Filler,104,马丁尼会被我选为代表寂寞的酒？,filler,1,99,list2,如果 要 选 一种 鸡尾酒 来 代表 寂寞 的话 我会 选 马丁尼。,如果,要,选,一种,鸡尾酒,来,代表,寂寞,的话,我会,选,马丁尼。,,,X-X-X 个 唉 检测 秦始皇 小 矛盾 偷偷 避免 艰苦 亿 饲养员。,0
fill_filler_104,fill,Filler,104,马丁尼会被我选为代表寂寞的酒？,filler,1,99,list3,如果 要 选 一种 鸡尾酒 来 代表 寂寞 的话 我会 选 马丁尼。,如果,要,选,一种,鸡尾酒,来,代表,寂寞,的话,我会,选,马丁尼。,,,X-X-X 个 唉 检测 秦始皇 小 矛盾 偷偷 避免 艰苦 亿 饲养员。,0
fill_filler_104,fill,Filler,104,马丁尼会被我选为代表寂寞的酒？,filler,1,99,list4,如果 要 选 一种 鸡尾酒 来 代表 寂寞 的话 我会 选 马丁尼。,如果,要,选,一种,鸡尾酒,来,代表,寂寞,的话,我会,选,马丁尼。,,,X-X-X 个 唉 检测 秦始皇 小 矛盾 偷偷 避免 艰苦 亿 饲养员。,0
fill_filler_105,fill,Filler,105,生意太差所以酒馆自然关门了？,filler,1,99,list1,这个 我 心爱 的 酒馆 后来 因为 生意 太差 关门了。,这个,我,心爱,的,酒馆,后来,因为,生意,太差,关门了。,,,,,X-X-X 种 铁匠 说 牵涉 矛盾 问题 掠夺 教练 冯玉祥。,0
fill_filler_105,fill,Filler,105,生意太差所以酒馆自然关门了？,filler,1,99,list2,这个 我 心爱 的 酒馆 后来 因为 生意 太差 关门了。,这个,我,心爱,的,酒馆,后来,因为,生意,太差,关门了。,,,,,X-X-X 种 铁匠 说 牵涉 矛盾 问题 掠夺 教练 冯玉祥。,0
fill_filler_105,fill,Filler,105,生意太差所以酒馆自然关门了？,filler,1,99,list3,这个 我 心爱 的 酒馆 后来 因为 生意 太差 关门了。,这个,我,心爱,的,酒馆,后来,因为,生意,太差,关门了。,,,,,X-X-X 种 铁匠 说 牵涉 矛盾 问题 掠夺 教练 冯玉祥。,0
fill_filler_105,fill,Filler,105,生意太差所以酒馆自然关门了？,filler,1,99,list4,这个 我 心爱 的 酒馆 后来 因为 生意 太差 关门了。,这个,我,心爱,的,酒馆,后来,因为,生意,太差,关门了。,,,,,X-X-X 种 铁匠 说 牵涉 矛盾 问题 掠夺 教练 冯玉祥。,0
fill_filler_106,fill,Filler,106,酿制雪莉酒的过程中要加入白兰地？,filler,1,99,list1,雪莉酒 是用 晒干的 葡萄 酿制成的 在 酿制 过程中 要 加入 白兰地。,雪莉酒,是用,晒干的,葡萄,酿制成的,在,酿制,过程中,要,加入,白兰地。,,,,X-X-X 邯郸 视网膜 惩罚 艰苦奋斗 我 贺诚 蒋介石 那 广州 岂不是。,0
fill_filler_106,fill,Filler,106,酿制雪莉酒的过程中要加入白兰地？,filler,1,99,list2,雪莉酒 是用 晒干的 葡萄 酿制成的 在 酿制 过程中 要 加入 白兰地。,雪莉酒,是用,晒干的,葡萄,酿制成的,在,酿制,过程中,要,加入,白兰地。,,,,X-X-X 邯郸 视网膜 惩罚 艰苦奋斗 我 贺诚 蒋介石 那 广州 岂不是。,0
fill_filler_106,fill,Filler,106,酿制雪莉酒的过程中要加入白兰地？,filler,1,99,list3,雪莉酒 是用 晒干的 葡萄 酿制成的 在 酿制 过程中 要 加入 白兰地。,雪莉酒,是用,晒干的,葡萄,酿制成的,在,酿制,过程中,要,加入,白兰地。,,,,X-X-X 邯郸 视网膜 惩罚 艰苦奋斗 我 贺诚 蒋介石 那 广州 岂不是。,0
fill_filler_106,fill,Filler,106,酿制雪莉酒的过程中要加入白兰地？,filler,1,99,list4,雪莉酒 是用 晒干的 葡萄 酿制成的 在 酿制 过程中 要 加入 白兰地。,雪莉酒,是用,晒干的,葡萄,酿制成的,在,酿制,过程中,要,加入,白兰地。,,,,X-X-X 邯郸 视网膜 惩罚 艰苦奋斗 我 贺诚 蒋介石 那 广州 岂不是。,0
fill_filler_107,fill,Filler,107,中国的补酒可能世界上最多？,filler,1,99,list1,中国人 喜欢 补身体 可能 有 世界上 最多种 的 补酒。,中国人,喜欢,补身体,可能,有,世界上,最多种,的,补酒。,,,,,,X-X-X 位置 甲状腺 革命 我 徐悲鸿 障碍物 我 纵横。,0
fill_filler_107,fill,Filler,107,中国的补酒可能世界上最多？,filler,1,99,list2,中国人 喜欢 补身体 可能 有 世界上 最多种 的 补酒。,中国人,喜欢,补身体,可能,有,世界上,最多种,的,补酒。,,,,,,X-X-X 位置 甲状腺 革命 我 徐悲鸿 障碍物 我 纵横。,0
fill_filler_107,fill,Filler,107,中国的补酒可能世界上最多？,filler,1,99,list3,中国人 喜欢 补身体 可能 有 世界上 最多种 的 补酒。,中国人,喜欢,补身体,可能,有,世界上,最多种,的,补酒。,,,,,,X-X-X 位置 甲状腺 革命 我 徐悲鸿 障碍物 我 纵横。,0
fill_filler_107,fill,Filler,107,中国的补酒可能世界上最多？,filler,1,99,list4,中国人 喜欢 补身体 可能 有 世界上 最多种 的 补酒。,中国人,喜欢,补身体,可能,有,世界上,最多种,的,补酒。,,,,,,X-X-X 位置 甲状腺 革命 我 徐悲鸿 障碍物 我 纵横。,0
fill_filler_108,fill,Filler,108,高级宴会中的饮酒常是香槟？,filler,1,99,list1,香槟 经常 当作 开胃酒 或 高级 宴会中 的 酒。,香槟,经常,当作,开胃酒,或,高级,宴会中,的,酒。,,,,,,X-X-X 回答 紧紧 郭沫若 呢 辐射 笑嘻嘻 我 懂。,0
fill_filler_108,fill,Filler,108,高级宴会中的饮酒常是香槟？,filler,1,99,list2,香槟 经常 当作 开胃酒 或 高级 宴会中 的 酒。,香槟,经常,当作,开胃酒,或,高级,宴会中,的,酒。,,,,,,X-X-X 回答 紧紧 郭沫若 呢 辐射 笑嘻嘻 我 懂。,0
fill_filler_108,fill,Filler,108,高级宴会中的饮酒常是香槟？,filler,1,99,list3,香槟 经常 当作 开胃酒 或 高级 宴会中 的 酒。,香槟,经常,当作,开胃酒,或,高级,宴会中,的,酒。,,,,,,X-X-X 回答 紧紧 郭沫若 呢 辐射 笑嘻嘻 我 懂。,0
fill_filler_108,fill,Filler,108,高级宴会中的饮酒常是香槟？,filler,1,99,list4,香槟 经常 当作 开胃酒 或 高级 宴会中 的 酒。,香槟,经常,当作,开胃酒,或,高级,宴会中,的,酒。,,,,,,X-X-X 回答 紧紧 郭沫若 呢 辐射 笑嘻嘻 我 懂。,0
fill_filler_109,fill,Filler,109,波尔多以美食闻名？,filler,1,99,list1,波尔多 是 法国 西南部 重要的 都市 以 美食 闻名。,波尔多,是,法国,西南部,重要的,都市,以,美食,闻名。,,,,,,X-X-X 你 习惯 我们俩 啄木鸟 琢磨 呢 适宜 芭蕾。,0
fill_filler_109,fill,Filler,109,波尔多以美食闻名？,filler,1,99,list2,波尔多 是 法国 西南部 重要的 都市 以 美食 闻名。,波尔多,是,法国,西南部,重要的,都市,以,美食,闻名。,,,,,,X-X-X 你 习惯 我们俩 啄木鸟 琢磨 呢 适宜 芭蕾。,0
fill_filler_109,fill,Filler,109,波尔多以美食闻名？,filler,1,99,list3,波尔多 是 法国 西南部 重要的 都市 以 美食 闻名。,波尔多,是,法国,西南部,重要的,都市,以,美食,闻名。,,,,,,X-X-X 你 习惯 我们俩 啄木鸟 琢磨 呢 适宜 芭蕾。,0
fill_filler_109,fill,Filler,109,波尔多以美食闻名？,filler,1,99,list4,波尔多 是 法国 西南部 重要的 都市 以 美食 闻名。,波尔多,是,法国,西南部,重要的,都市,以,美食,闻名。,,,,,,X-X-X 你 习惯 我们俩 啄木鸟 琢磨 呢 适宜 芭蕾。,0
fill_filler_110,fill,Filler,110,葡萄酒的出口量意大利是世界第一？,filler,1,99,list1,意大利 葡萄酒 的 产量 是 世界 第一 出口量 也是 世界 第一。,意大利,葡萄酒,的,产量,是,世界,第一,出口量,也是,世界,第一。,,,,X-X-X 犯错误 把 避免 你 影响 你们 邓颖超 思想 而且 你们。,0
fill_filler_110,fill,Filler,110,葡萄酒的出口量意大利是世界第一？,filler,1,99,list2,意大利 葡萄酒 的 产量 是 世界 第一 出口量 也是 世界 第一。,意大利,葡萄酒,的,产量,是,世界,第一,出口量,也是,世界,第一。,,,,X-X-X 犯错误 把 避免 你 影响 你们 邓颖超 思想 而且 你们。,0
fill_filler_110,fill,Filler,110,葡萄酒的出口量意大利是世界第一？,filler,1,99,list3,意大利 葡萄酒 的 产量 是 世界 第一 出口量 也是 世界 第一。,意大利,葡萄酒,的,产量,是,世界,第一,出口量,也是,世界,第一。,,,,X-X-X 犯错误 把 避免 你 影响 你们 邓颖超 思想 而且 你们。,0
fill_filler_110,fill,Filler,110,葡萄酒的出口量意大利是世界第一？,filler,1,99,list4,意大利 葡萄酒 的 产量 是 世界 第一 出口量 也是 世界 第一。,意大利,葡萄酒,的,产量,是,世界,第一,出口量,也是,世界,第一。,,,,X-X-X 犯错误 把 避免 你 影响 你们 邓颖超 思想 而且 你们。,0
fill_filler_111,fill,Filler,111,助手把文章意思口述给他听？,filler,1,99,list1,懂 外文 的 助手们 捧着 原文 把 文章 的 意思 口述 给他听,懂,外文,的,助手们,捧着,原文,把,文章,的,意思,口述,给他听,,,X-X-X 抨击 种 柬埔寨 傀儡 叫唤 两 却是 种 她们 傀儡 顽固派。,0
fill_filler_111,fill,Filler,111,助手把文章意思口述给他听？,filler,1,99,list2,懂 外文 的 助手们 捧着 原文 把 文章 的 意思 口述 给他听,懂,外文,的,助手们,捧着,原文,把,文章,的,意思,口述,给他听,,,X-X-X 抨击 种 柬埔寨 傀儡 叫唤 两 却是 种 她们 傀儡 顽固派。,0
fill_filler_111,fill,Filler,111,助手把文章意思口述给他听？,filler,1,99,list3,懂 外文 的 助手们 捧着 原文 把 文章 的 意思 口述 给他听,懂,外文,的,助手们,捧着,原文,把,文章,的,意思,口述,给他听,,,X-X-X 抨击 种 柬埔寨 傀儡 叫唤 两 却是 种 她们 傀儡 顽固派。,0
fill_filler_111,fill,Filler,111,助手把文章意思口述给他听？,filler,1,99,list4,懂 外文 的 助手们 捧着 原文 把 文章 的 意思 口述 给他听,懂,外文,的,助手们,捧着,原文,把,文章,的,意思,口述,给他听,,,X-X-X 抨击 种 柬埔寨 傀儡 叫唤 两 却是 种 她们 傀儡 顽固派。,0
fill_filler_112,fill,Filler,112,口味求新求变才能适应国内消费者的需求？,filler,1,99,list1,为了 适应 国内 消费者 的 需求 口味 势必 要 求新 求变。,为了,适应,国内,消费者,的,需求,口味,势必,要,求新,求变。,,,,X-X-X 农村 结束 怎么办 我 并非 慌忙 埋怨 那 爹妈 姊妹。,0
fill_filler_112,fill,Filler,112,口味求新求变才能适应国内消费者的需求？,filler,1,99,list2,为了 适应 国内 消费者 的 需求 口味 势必 要 求新 求变。,为了,适应,国内,消费者,的,需求,口味,势必,要,求新,求变。,,,,X-X-X 农村 结束 怎么办 我 并非 慌忙 埋怨 那 爹妈 姊妹。,0
fill_filler_112,fill,Filler,112,口味求新求变才能适应国内消费者的需求？,filler,1,99,list3,为了 适应 国内 消费者 的 需求 口味 势必 要 求新 求变。,为了,适应,国内,消费者,的,需求,口味,势必,要,求新,求变。,,,,X-X-X 农村 结束 怎么办 我 并非 慌忙 埋怨 那 爹妈 姊妹。,0
fill_filler_112,fill,Filler,112,口味求新求变才能适应国内消费者的需求？,filler,1,99,list4,为了 适应 国内 消费者 的 需求 口味 势必 要 求新 求变。,为了,适应,国内,消费者,的,需求,口味,势必,要,求新,求变。,,,,X-X-X 农村 结束 怎么办 我 并非 慌忙 埋怨 那 爹妈 姊妹。,0
fill_filler_113,fill,Filler,113,刚才找这几本文集找得心急火燎？,filler,1,99,list1,可惜 这几本 文集 不知 谁 借去了 刚才 还 找得 心急如焚。,可惜,这几本,文集,不知,谁,借去了,刚才,还,找得,心急如焚。,,,,,X-X-X 椭圆形 轰炸 态度 类 段祺瑞 溶液 与 耷拉 血液循环。,0
fill_filler_113,fill,Filler,113,刚才找这几本文集找得心急火燎？,filler,1,99,list2,可惜 这几本 文集 不知 谁 借去了 刚才 还 找得 心急如焚。,可惜,这几本,文集,不知,谁,借去了,刚才,还,找得,心急如焚。,,,,,X-X-X 椭圆形 轰炸 态度 类 段祺瑞 溶液 与 耷拉 血液循环。,0
fill_filler_113,fill,Filler,113,刚才找这几本文集找得心急火燎？,filler,1,99,list3,可惜 这几本 文集 不知 谁 借去了 刚才 还 找得 心急如焚。,可惜,这几本,文集,不知,谁,借去了,刚才,还,找得,心急如焚。,,,,,X-X-X 椭圆形 轰炸 态度 类 段祺瑞 溶液 与 耷拉 血液循环。,0
fill_filler_113,fill,Filler,113,刚才找这几本文集找得心急火燎？,filler,1,99,list4,可惜 这几本 文集 不知 谁 借去了 刚才 还 找得 心急如焚。,可惜,这几本,文集,不知,谁,借去了,刚才,还,找得,心急如焚。,,,,,X-X-X 椭圆形 轰炸 态度 类 段祺瑞 溶液 与 耷拉 血液循环。,0
fill_filler_114,fill,Filler,114,捧着洁凈的书自己的心情就变的舒服？,filler,1,99,list1,捧着 一本 干干凈凈 的 书 自己的 心情 也 立即 变得 舒服了。,捧着,一本,干干凈凈,的,书,自己的,心情,也,立即,变得,舒服了。,,,,X-X-X 芭蕾 奴隶社会 他 层 需要量 连续 年 检查 凳子 马寅初。,0
fill_filler_114,fill,Filler,114,捧着洁凈的书自己的心情就变的舒服？,filler,1,99,list2,捧着 一本 干干凈凈 的 书 自己的 心情 也 立即 变得 舒服了。,捧着,一本,干干凈凈,的,书,自己的,心情,也,立即,变得,舒服了。,,,,X-X-X 芭蕾 奴隶社会 他 层 需要量 连续 年 检查 凳子 马寅初。,0
fill_filler_114,fill,Filler,114,捧着洁凈的书自己的心情就变的舒服？,filler,1,99,list3,捧着 一本 干干凈凈 的 书 自己的 心情 也 立即 变得 舒服了。,捧着,一本,干干凈凈,的,书,自己的,心情,也,立即,变得,舒服了。,,,,X-X-X 芭蕾 奴隶社会 他 层 需要量 连续 年 检查 凳子 马寅初。,0
fill_filler_114,fill,Filler,114,捧着洁凈的书自己的心情就变的舒服？,filler,1,99,list4,捧着 一本 干干凈凈 的 书 自己的 心情 也 立即 变得 舒服了。,捧着,一本,干干凈凈,的,书,自己的,心情,也,立即,变得,舒服了。,,,,X-X-X 芭蕾 奴隶社会 他 层 需要量 连续 年 检查 凳子 马寅初。,0
fill_filler_115,fill,Filler,115,对一个旅行者来说住医院可能是心理反差最大的一件事？,filler,1,99,list1,住 医院 对 一个 旅行者 来说 可能 是 心理 反差 最大的 一件事。,住,医院,对,一个,旅行者,来说,可能,是,心理,反差,最大的,一件事。,,,X-X-X 描写 她 什么 朱占标 世纪 组织 我 等等 哎哟 李鸿章 李宗仁。,0
fill_filler_115,fill,Filler,115,对一个旅行者来说住医院可能是心理反差最大的一件事？,filler,1,99,list2,住 医院 对 一个 旅行者 来说 可能 是 心理 反差 最大的 一件事。,住,医院,对,一个,旅行者,来说,可能,是,心理,反差,最大的,一件事。,,,X-X-X 描写 她 什么 朱占标 世纪 组织 我 等等 哎哟 李鸿章 李宗仁。,0
fill_filler_115,fill,Filler,115,对一个旅行者来说住医院可能是心理反差最大的一件事？,filler,1,99,list3,住 医院 对 一个 旅行者 来说 可能 是 心理 反差 最大的 一件事。,住,医院,对,一个,旅行者,来说,可能,是,心理,反差,最大的,一件事。,,,X-X-X 描写 她 什么 朱占标 世纪 组织 我 等等 哎哟 李鸿章 李宗仁。,0
fill_filler_115,fill,Filler,115,对一个旅行者来说住医院可能是心理反差最大的一件事？,filler,1,99,list4,住 医院 对 一个 旅行者 来说 可能 是 心理 反差 最大的 一件事。,住,医院,对,一个,旅行者,来说,可能,是,心理,反差,最大的,一件事。,,,X-X-X 描写 她 什么 朱占标 世纪 组织 我 等等 哎哟 李鸿章 李宗仁。,0
fill_filler_116,fill,Filler,116,只需要两三分钟就能享用到微波菜肴？,filler,1,99,list1,只要 按 一个键 两三 分钟 之后 就能 享用 一道 美味 可口的 微波 菜肴。,只要,按,一个键,两三,分钟,之后,就能,享用,一道,美味,可口的,微波,菜肴。,,X-X-X 既 硫酸铜 踌躇 政权 政府 琢磨 山路 损害 蝌蚪 叶倩倩 锣鼓 睁大。,0
fill_filler_116,fill,Filler,116,只需要两三分钟就能享用到微波菜肴？,filler,1,99,list2,只要 按 一个键 两三 分钟 之后 就能 享用 一道 美味 可口的 微波 菜肴。,只要,按,一个键,两三,分钟,之后,就能,享用,一道,美味,可口的,微波,菜肴。,,X-X-X 既 硫酸铜 踌躇 政权 政府 琢磨 山路 损害 蝌蚪 叶倩倩 锣鼓 睁大。,0
fill_filler_116,fill,Filler,116,只需要两三分钟就能享用到微波菜肴？,filler,1,99,list3,只要 按 一个键 两三 分钟 之后 就能 享用 一道 美味 可口的 微波 菜肴。,只要,按,一个键,两三,分钟,之后,就能,享用,一道,美味,可口的,微波,菜肴。,,X-X-X 既 硫酸铜 踌躇 政权 政府 琢磨 山路 损害 蝌蚪 叶倩倩 锣鼓 睁大。,0
fill_filler_116,fill,Filler,116,只需要两三分钟就能享用到微波菜肴？,filler,1,99,list4,只要 按 一个键 两三 分钟 之后 就能 享用 一道 美味 可口的 微波 菜肴。,只要,按,一个键,两三,分钟,之后,就能,享用,一道,美味,可口的,微波,菜肴。,,X-X-X 既 硫酸铜 踌躇 政权 政府 琢磨 山路 损害 蝌蚪 叶倩倩 锣鼓 睁大。,0
fill_filler_117,fill,Filler,117,祗有饱经沧桑的老人能领悟真正的人生哲理？,filler,1,99,list1,只有 历经 沧桑 的 老人 才能 领悟 真正的 人生 哲理。,只有,历经,沧桑,的,老人,才能,领悟,真正的,人生,哲理。,,,,,X-X-X 邮局 诬蔑 把 负责 联系 火灾 乒乓球 剥削 匆忙。,0
fill_filler_117,fill,Filler,117,祗有饱经沧桑的老人能领悟真正的人生哲理？,filler,1,99,list2,只有 历经 沧桑 的 老人 才能 领悟 真正的 人生 哲理。,只有,历经,沧桑,的,老人,才能,领悟,真正的,人生,哲理。,,,,,X-X-X 邮局 诬蔑 把 负责 联系 火灾 乒乓球 剥削 匆忙。,0
fill_filler_117,fill,Filler,117,祗有饱经沧桑的老人能领悟真正的人生哲理？,filler,1,99,list3,只有 历经 沧桑 的 老人 才能 领悟 真正的 人生 哲理。,只有,历经,沧桑,的,老人,才能,领悟,真正的,人生,哲理。,,,,,X-X-X 邮局 诬蔑 把 负责 联系 火灾 乒乓球 剥削 匆忙。,0
fill_filler_117,fill,Filler,117,祗有饱经沧桑的老人能领悟真正的人生哲理？,filler,1,99,list4,只有 历经 沧桑 的 老人 才能 领悟 真正的 人生 哲理。,只有,历经,沧桑,的,老人,才能,领悟,真正的,人生,哲理。,,,,,X-X-X 邮局 诬蔑 把 负责 联系 火灾 乒乓球 剥削 匆忙。,0
fill_filler_118,fill,Filler,118,农地废耕农村破产是因为大量倾销便宜农产品？,filler,1,99,list1,大量 倾销 便宜 农产品 使得 农地 废耕 以及 农村 破产。,大量,倾销,便宜,农产品,使得,农地,废耕,以及,农村,破产。,,,,,X-X-X 视察 伙伴 怎么办 哥哥 呆呆 恰巧 怎么 北京 哎呀。,0
fill_filler_118,fill,Filler,118,农地废耕农村破产是因为大量倾销便宜农产品？,filler,1,99,list2,大量 倾销 便宜 农产品 使得 农地 废耕 以及 农村 破产。,大量,倾销,便宜,农产品,使得,农地,废耕,以及,农村,破产。,,,,,X-X-X 视察 伙伴 怎么办 哥哥 呆呆 恰巧 怎么 北京 哎呀。,0
fill_filler_118,fill,Filler,118,农地废耕农村破产是因为大量倾销便宜农产品？,filler,1,99,list3,大量 倾销 便宜 农产品 使得 农地 废耕 以及 农村 破产。,大量,倾销,便宜,农产品,使得,农地,废耕,以及,农村,破产。,,,,,X-X-X 视察 伙伴 怎么办 哥哥 呆呆 恰巧 怎么 北京 哎呀。,0
fill_filler_118,fill,Filler,118,农地废耕农村破产是因为大量倾销便宜农产品？,filler,1,99,list4,大量 倾销 便宜 农产品 使得 农地 废耕 以及 农村 破产。,大量,倾销,便宜,农产品,使得,农地,废耕,以及,农村,破产。,,,,,X-X-X 视察 伙伴 怎么办 哥哥 呆呆 恰巧 怎么 北京 哎呀。,0
fill_filler_119,fill,Filler,119,咖啡厅在巴黎和纽约有不同用处？,filler,1,99,list1,巴黎人 在 咖啡厅 聊天 纽约人 在 咖啡厅 用 手机。,巴黎人,在,咖啡厅,聊天,纽约人,在,咖啡厅,用,手机。,,,,,,X-X-X 我 段祺瑞 邯郸 卵细胞 种 仅仅是 呢 增添。,0
fill_filler_119,fill,Filler,119,咖啡厅在巴黎和纽约有不同用处？,filler,1,99,list2,巴黎人 在 咖啡厅 聊天 纽约人 在 咖啡厅 用 手机。,巴黎人,在,咖啡厅,聊天,纽约人,在,咖啡厅,用,手机。,,,,,,X-X-X 我 段祺瑞 邯郸 卵细胞 种 仅仅是 呢 增添。,0
fill_filler_119,fill,Filler,119,咖啡厅在巴黎和纽约有不同用处？,filler,1,99,list3,巴黎人 在 咖啡厅 聊天 纽约人 在 咖啡厅 用 手机。,巴黎人,在,咖啡厅,聊天,纽约人,在,咖啡厅,用,手机。,,,,,,X-X-X 我 段祺瑞 邯郸 卵细胞 种 仅仅是 呢 增添。,0
fill_filler_119,fill,Filler,119,咖啡厅在巴黎和纽约有不同用处？,filler,1,99,list4,巴黎人 在 咖啡厅 聊天 纽约人 在 咖啡厅 用 手机。,巴黎人,在,咖啡厅,聊天,纽约人,在,咖啡厅,用,手机。,,,,,,X-X-X 我 段祺瑞 邯郸 卵细胞 种 仅仅是 呢 增添。,0
fill_filler_120,fill,Filler,120,忙碌的现代人时常没有时间吃饭？,filler,1,99,list1,每天 都 分秒必争 的 现代人 有时 忙起来 连 吃饭 也 没 时间。,每天,都,分秒必争,的,现代人,有时,忙起来,连,吃饭,也,没,时间。,,,X-X-X 年 北洋军阀 种 碳酸钠 掌握 谭嗣同 声 彼此 种 吗 根据。,0
fill_filler_120,fill,Filler,120,忙碌的现代人时常没有时间吃饭？,filler,1,99,list2,每天 都 分秒必争 的 现代人 有时 忙起来 连 吃饭 也 没 时间。,每天,都,分秒必争,的,现代人,有时,忙起来,连,吃饭,也,没,时间。,,,X-X-X 年 北洋军阀 种 碳酸钠 掌握 谭嗣同 声 彼此 种 吗 根据。,0
fill_filler_120,fill,Filler,120,忙碌的现代人时常没有时间吃饭？,filler,1,99,list3,每天 都 分秒必争 的 现代人 有时 忙起来 连 吃饭 也 没 时间。,每天,都,分秒必争,的,现代人,有时,忙起来,连,吃饭,也,没,时间。,,,X-X-X 年 北洋军阀 种 碳酸钠 掌握 谭嗣同 声 彼此 种 吗 根据。,0
fill_filler_120,fill,Filler,120,忙碌的现代人时常没有时间吃饭？,filler,1,99,list4,每天 都 分秒必争 的 现代人 有时 忙起来 连 吃饭 也 没 时间。,每天,都,分秒必争,的,现代人,有时,忙起来,连,吃饭,也,没,时间。,,,X-X-X 年 北洋军阀 种 碳酸钠 掌握 谭嗣同 声 彼此 种 吗 根据。,0
fill_filler_121,fill,Filler,121,入冬后最强烈的大陆冷气团在元月五日袭来？,filler,1,99,list1,在 一月 五日 这天 一波 入冬后 最 强烈的 大陆 冷气团 果然 袭来。,在,一月,五日,这天,一波,入冬后,最,强烈的,大陆,冷气团,果然,袭来。,,,X-X-X 竭力 泛滥 纯粹 惋惜 碳酸钠 吗 肖武斌 描写 我们俩 脑袋 邯郸。,0
fill_filler_121,fill,Filler,121,入冬后最强烈的大陆冷气团在元月五日袭来？,filler,1,99,list2,在 一月 五日 这天 一波 入冬后 最 强烈的 大陆 冷气团 果然 袭来。,在,一月,五日,这天,一波,入冬后,最,强烈的,大陆,冷气团,果然,袭来。,,,X-X-X 竭力 泛滥 纯粹 惋惜 碳酸钠 吗 肖武斌 描写 我们俩 脑袋 邯郸。,0
fill_filler_121,fill,Filler,121,入冬后最强烈的大陆冷气团在元月五日袭来？,filler,1,99,list3,在 一月 五日 这天 一波 入冬后 最 强烈的 大陆 冷气团 果然 袭来。,在,一月,五日,这天,一波,入冬后,最,强烈的,大陆,冷气团,果然,袭来。,,,X-X-X 竭力 泛滥 纯粹 惋惜 碳酸钠 吗 肖武斌 描写 我们俩 脑袋 邯郸。,0
fill_filler_121,fill,Filler,121,入冬后最强烈的大陆冷气团在元月五日袭来？,filler,1,99,list4,在 一月 五日 这天 一波 入冬后 最 强烈的 大陆 冷气团 果然 袭来。,在,一月,五日,这天,一波,入冬后,最,强烈的,大陆,冷气团,果然,袭来。,,,X-X-X 竭力 泛滥 纯粹 惋惜 碳酸钠 吗 肖武斌 描写 我们俩 脑袋 邯郸。,0
fill_filler_122,fill,Filler,122,进口鹅卵石是因为台湾挑不到他们想要的石头？,filler,1,99,list1,由于在 中国 挑不到 他们 想要 的 石头 还 特别 进口 一万颗 鹅卵石。,由于在,中国,挑不到,他们,想要,的,石头,还,特别,进口,一万颗,鹅卵石。,,,X-X-X 研究 硝酸钾 研究 插嘴 我 鼓励 看 艺术 灵活 笑眯眯 感兴趣。,0
fill_filler_122,fill,Filler,122,进口鹅卵石是因为台湾挑不到他们想要的石头？,filler,1,99,list2,由于在 中国 挑不到 他们 想要 的 石头 还 特别 进口 一万颗 鹅卵石。,由于在,中国,挑不到,他们,想要,的,石头,还,特别,进口,一万颗,鹅卵石。,,,X-X-X 研究 硝酸钾 研究 插嘴 我 鼓励 看 艺术 灵活 笑眯眯 感兴趣。,0
fill_filler_122,fill,Filler,122,进口鹅卵石是因为台湾挑不到他们想要的石头？,filler,1,99,list3,由于在 中国 挑不到 他们 想要 的 石头 还 特别 进口 一万颗 鹅卵石。,由于在,中国,挑不到,他们,想要,的,石头,还,特别,进口,一万颗,鹅卵石。,,,X-X-X 研究 硝酸钾 研究 插嘴 我 鼓励 看 艺术 灵活 笑眯眯 感兴趣。,0
fill_filler_122,fill,Filler,122,进口鹅卵石是因为台湾挑不到他们想要的石头？,filler,1,99,list4,由于在 中国 挑不到 他们 想要 的 石头 还 特别 进口 一万颗 鹅卵石。,由于在,中国,挑不到,他们,想要,的,石头,还,特别,进口,一万颗,鹅卵石。,,,X-X-X 研究 硝酸钾 研究 插嘴 我 鼓励 看 艺术 灵活 笑眯眯 感兴趣。,0
fill_filler_123,fill,Filler,123,新一波全球化发生在世界各国？,filler,1,99,list1,中国 与 世界 各国 一样 都 面临 新一波 的 全球化。,中国,与,世界,各国,一样,都,面临,新一波,的,全球化。,,,,,X-X-X 种 要求 充满 教育 种 妹妹 硝酸钾 他 为什么。,0
fill_filler_123,fill,Filler,123,新一波全球化发生在世界各国？,filler,1,99,list2,中国 与 世界 各国 一样 都 面临 新一波 的 全球化。,中国,与,世界,各国,一样,都,面临,新一波,的,全球化。,,,,,X-X-X 种 要求 充满 教育 种 妹妹 硝酸钾 他 为什么。,0
fill_filler_123,fill,Filler,123,新一波全球化发生在世界各国？,filler,1,99,list3,中国 与 世界 各国 一样 都 面临 新一波 的 全球化。,中国,与,世界,各国,一样,都,面临,新一波,的,全球化。,,,,,X-X-X 种 要求 充满 教育 种 妹妹 硝酸钾 他 为什么。,0
fill_filler_123,fill,Filler,123,新一波全球化发生在世界各国？,filler,1,99,list4,中国 与 世界 各国 一样 都 面临 新一波 的 全球化。,中国,与,世界,各国,一样,都,面临,新一波,的,全球化。,,,,,X-X-X 种 要求 充满 教育 种 妹妹 硝酸钾 他 为什么。,0
fill_filler_124,fill,Filler,124,长达十小时的手术最后顺利结束？,filler,1,99,list1,长达 十小时 的 手术 终于 在 专家们 协力下 顺利 结束。,长达,十小时,的,手术,终于,在,专家们,协力下,顺利,结束。,,,,,X-X-X 甲状腺 我 湖南 苏联 你 什么样 石灰岩 区域 队伍。,0
fill_filler_124,fill,Filler,124,长达十小时的手术最后顺利结束？,filler,1,99,list2,长达 十小时 的 手术 终于 在 专家们 协力下 顺利 结束。,长达,十小时,的,手术,终于,在,专家们,协力下,顺利,结束。,,,,,X-X-X 甲状腺 我 湖南 苏联 你 什么样 石灰岩 区域 队伍。,0
fill_filler_124,fill,Filler,124,长达十小时的手术最后顺利结束？,filler,1,99,list3,长达 十小时 的 手术 终于 在 专家们 协力下 顺利 结束。,长达,十小时,的,手术,终于,在,专家们,协力下,顺利,结束。,,,,,X-X-X 甲状腺 我 湖南 苏联 你 什么样 石灰岩 区域 队伍。,0
fill_filler_124,fill,Filler,124,长达十小时的手术最后顺利结束？,filler,1,99,list4,长达 十小时 的 手术 终于 在 专家们 协力下 顺利 结束。,长达,十小时,的,手术,终于,在,专家们,协力下,顺利,结束。,,,,,X-X-X 甲状腺 我 湖南 苏联 你 什么样 石灰岩 区域 队伍。,0
fill_filler_125,fill,Filler,125,政府乐见生物产业欣欣向荣？,filler,1,99,list1,政府 乐意 见到 国内 的 生物产业 越来越 蓬勃。,政府,乐意,见到,国内,的,生物产业,越来越,蓬勃。,,,,,,,X-X-X 板凳 石油 表演 我 一百五十 蒋介石 杏仙。,0
fill_filler_125,fill,Filler,125,政府乐见生物产业欣欣向荣？,filler,1,99,list2,政府 乐意 见到 国内 的 生物产业 越来越 蓬勃。,政府,乐意,见到,国内,的,生物产业,越来越,蓬勃。,,,,,,,X-X-X 板凳 石油 表演 我 一百五十 蒋介石 杏仙。,0
fill_filler_125,fill,Filler,125,政府乐见生物产业欣欣向荣？,filler,1,99,list3,政府 乐意 见到 国内 的 生物产业 越来越 蓬勃。,政府,乐意,见到,国内,的,生物产业,越来越,蓬勃。,,,,,,,X-X-X 板凳 石油 表演 我 一百五十 蒋介石 杏仙。,0
fill_filler_125,fill,Filler,125,政府乐见生物产业欣欣向荣？,filler,1,99,list4,政府 乐意 见到 国内 的 生物产业 越来越 蓬勃。,政府,乐意,见到,国内,的,生物产业,越来越,蓬勃。,,,,,,,X-X-X 板凳 石油 表演 我 一百五十 蒋介石 杏仙。,0
fill_filler_126,fill,Filler,126,母国对越成功的跨国企业约束性越强？,filler,2,99,list1,当 跨国 企业 越成功 母国 对 其 约束 的 法律性 和 道德性 越弱。,当,跨国,企业,越成功,母国,对,其,约束,的,法律性,和,道德性,越弱。,,X-X-X 悲痛 提高 赤裸裸 嘻嘻 你 几 蚂蚁 我 赵紫阳 你 阿根廷 螳螂。,0
fill_filler_126,fill,Filler,126,母国对越成功的跨国企业约束性越强？,filler,2,99,list2,当 跨国 企业 越成功 母国 对 其 约束 的 法律性 和 道德性 越弱。,当,跨国,企业,越成功,母国,对,其,约束,的,法律性,和,道德性,越弱。,,X-X-X 悲痛 提高 赤裸裸 嘻嘻 你 几 蚂蚁 我 赵紫阳 你 阿根廷 螳螂。,0
fill_filler_126,fill,Filler,126,母国对越成功的跨国企业约束性越强？,filler,2,99,list3,当 跨国 企业 越成功 母国 对 其 约束 的 法律性 和 道德性 越弱。,当,跨国,企业,越成功,母国,对,其,约束,的,法律性,和,道德性,越弱。,,X-X-X 悲痛 提高 赤裸裸 嘻嘻 你 几 蚂蚁 我 赵紫阳 你 阿根廷 螳螂。,0
fill_filler_126,fill,Filler,126,母国对越成功的跨国企业约束性越强？,filler,2,99,list4,当 跨国 企业 越成功 母国 对 其 约束 的 法律性 和 道德性 越弱。,当,跨国,企业,越成功,母国,对,其,约束,的,法律性,和,道德性,越弱。,,X-X-X 悲痛 提高 赤裸裸 嘻嘻 你 几 蚂蚁 我 赵紫阳 你 阿根廷 螳螂。,0
fill_filler_127,fill,Filler,127,大家仍然追求长生不死？,filler,2,99,list1,时至 今日 拜 科学 进步 之赐 长生 不死 已经 不再 是 大家 追求的 目标。,时至,今日,拜,科学,进步,之赐,长生,不死,已经,不再,是,大家,追求的,目标。,X-X-X 厉害 唔 必须 介绍 膀胱 耷拉 钞票 影响 颜色 也 分析 售货员 介绍。,0
fill_filler_127,fill,Filler,127,大家仍然追求长生不死？,filler,2,99,list2,时至 今日 拜 科学 进步 之赐 长生 不死 已经 不再 是 大家 追求的 目标。,时至,今日,拜,科学,进步,之赐,长生,不死,已经,不再,是,大家,追求的,目标。,X-X-X 厉害 唔 必须 介绍 膀胱 耷拉 钞票 影响 颜色 也 分析 售货员 介绍。,0
fill_filler_127,fill,Filler,127,大家仍然追求长生不死？,filler,2,99,list3,时至 今日 拜 科学 进步 之赐 长生 不死 已经 不再 是 大家 追求的 目标。,时至,今日,拜,科学,进步,之赐,长生,不死,已经,不再,是,大家,追求的,目标。,X-X-X 厉害 唔 必须 介绍 膀胱 耷拉 钞票 影响 颜色 也 分析 售货员 介绍。,0
fill_filler_127,fill,Filler,127,大家仍然追求长生不死？,filler,2,99,list4,时至 今日 拜 科学 进步 之赐 长生 不死 已经 不再 是 大家 追求的 目标。,时至,今日,拜,科学,进步,之赐,长生,不死,已经,不再,是,大家,追求的,目标。,X-X-X 厉害 唔 必须 介绍 膀胱 耷拉 钞票 影响 颜色 也 分析 售货员 介绍。,0
fill_filler_128,fill,Filler,128,中国人使用胎盘的经验尚短？,filler,2,99,list1,中国人 使用 胎盘 的 历史 已有 千年 以上。,中国人,使用,胎盘,的,历史,已有,千年,以上。,,,,,,,X-X-X 基础 乃是 他 怎么 肝脏 纠缠 矛盾。,0
fill_filler_128,fill,Filler,128,中国人使用胎盘的经验尚短？,filler,2,99,list2,中国人 使用 胎盘 的 历史 已有 千年 以上。,中国人,使用,胎盘,的,历史,已有,千年,以上。,,,,,,,X-X-X 基础 乃是 他 怎么 肝脏 纠缠 矛盾。,0
fill_filler_128,fill,Filler,128,中国人使用胎盘的经验尚短？,filler,2,99,list3,中国人 使用 胎盘 的 历史 已有 千年 以上。,中国人,使用,胎盘,的,历史,已有,千年,以上。,,,,,,,X-X-X 基础 乃是 他 怎么 肝脏 纠缠 矛盾。,0
fill_filler_128,fill,Filler,128,中国人使用胎盘的经验尚短？,filler,2,99,list4,中国人 使用 胎盘 的 历史 已有 千年 以上。,中国人,使用,胎盘,的,历史,已有,千年,以上。,,,,,,,X-X-X 基础 乃是 他 怎么 肝脏 纠缠 矛盾。,0
fill_filler_129,fill,Filler,129,长期使用胎盘素不能够让女性肌肤美白？,filler,2,99,list1,研究 显示 长期 使用 胎盘素 确实 能够 让 女性 肌肤 美白。,研究,显示,长期,使用,胎盘素,确实,能够,让,女性,肌肤,美白。,,,,X-X-X 途径 思维 甚至 河北省 欢迎 群众 吧 罢了 敦煌 蟋蟀。,0
fill_filler_129,fill,Filler,129,长期使用胎盘素不能够让女性肌肤美白？,filler,2,99,list2,研究 显示 长期 使用 胎盘素 确实 能够 让 女性 肌肤 美白。,研究,显示,长期,使用,胎盘素,确实,能够,让,女性,肌肤,美白。,,,,X-X-X 途径 思维 甚至 河北省 欢迎 群众 吧 罢了 敦煌 蟋蟀。,0
fill_filler_129,fill,Filler,129,长期使用胎盘素不能够让女性肌肤美白？,filler,2,99,list3,研究 显示 长期 使用 胎盘素 确实 能够 让 女性 肌肤 美白。,研究,显示,长期,使用,胎盘素,确实,能够,让,女性,肌肤,美白。,,,,X-X-X 途径 思维 甚至 河北省 欢迎 群众 吧 罢了 敦煌 蟋蟀。,0
fill_filler_129,fill,Filler,129,长期使用胎盘素不能够让女性肌肤美白？,filler,2,99,list4,研究 显示 长期 使用 胎盘素 确实 能够 让 女性 肌肤 美白。,研究,显示,长期,使用,胎盘素,确实,能够,让,女性,肌肤,美白。,,,,X-X-X 途径 思维 甚至 河北省 欢迎 群众 吧 罢了 敦煌 蟋蟀。,0
fill_filler_130,fill,Filler,130,汤在世界各国的饮食历史不算重要？,filler,2,99,list1,若 细究 世界 各国的 饮食 历史 其实 不难 发现 汤的 重要性。,若,细究,世界,各国的,饮食,历史,其实,不难,发现,汤的,重要性。,,,,X-X-X 傀儡 要求 手榴弹 亏损 怎么 找到 奶奶 艺术 绒毛 太平洋。,0
fill_filler_130,fill,Filler,130,汤在世界各国的饮食历史不算重要？,filler,2,99,list2,若 细究 世界 各国的 饮食 历史 其实 不难 发现 汤的 重要性。,若,细究,世界,各国的,饮食,历史,其实,不难,发现,汤的,重要性。,,,,X-X-X 傀儡 要求 手榴弹 亏损 怎么 找到 奶奶 艺术 绒毛 太平洋。,0
fill_filler_130,fill,Filler,130,汤在世界各国的饮食历史不算重要？,filler,2,99,list3,若 细究 世界 各国的 饮食 历史 其实 不难 发现 汤的 重要性。,若,细究,世界,各国的,饮食,历史,其实,不难,发现,汤的,重要性。,,,,X-X-X 傀儡 要求 手榴弹 亏损 怎么 找到 奶奶 艺术 绒毛 太平洋。,0
fill_filler_130,fill,Filler,130,汤在世界各国的饮食历史不算重要？,filler,2,99,list4,若 细究 世界 各国的 饮食 历史 其实 不难 发现 汤的 重要性。,若,细究,世界,各国的,饮食,历史,其实,不难,发现,汤的,重要性。,,,,X-X-X 傀儡 要求 手榴弹 亏损 怎么 找到 奶奶 艺术 绒毛 太平洋。,0
fill_filler_131,fill,Filler,131,要做好一碗味美汤鲜高汤并不重要？,filler,2,99,list1,想 做好 一碗 味美 汤鲜 的 汤品 高汤 绝对 是 关键 因素。,想,做好,一碗,味美,汤鲜,的,汤品,高汤,绝对,是,关键,因素。,,,X-X-X 各项 叛徒 匆匆 此项 我 吩咐 阻挡 负责 我 渐渐 怎样。,0
fill_filler_131,fill,Filler,131,要做好一碗味美汤鲜高汤并不重要？,filler,2,99,list2,想 做好 一碗 味美 汤鲜 的 汤品 高汤 绝对 是 关键 因素。,想,做好,一碗,味美,汤鲜,的,汤品,高汤,绝对,是,关键,因素。,,,X-X-X 各项 叛徒 匆匆 此项 我 吩咐 阻挡 负责 我 渐渐 怎样。,0
fill_filler_131,fill,Filler,131,要做好一碗味美汤鲜高汤并不重要？,filler,2,99,list3,想 做好 一碗 味美 汤鲜 的 汤品 高汤 绝对 是 关键 因素。,想,做好,一碗,味美,汤鲜,的,汤品,高汤,绝对,是,关键,因素。,,,X-X-X 各项 叛徒 匆匆 此项 我 吩咐 阻挡 负责 我 渐渐 怎样。,0
fill_filler_131,fill,Filler,131,要做好一碗味美汤鲜高汤并不重要？,filler,2,99,list4,想 做好 一碗 味美 汤鲜 的 汤品 高汤 绝对 是 关键 因素。,想,做好,一碗,味美,汤鲜,的,汤品,高汤,绝对,是,关键,因素。,,,X-X-X 各项 叛徒 匆匆 此项 我 吩咐 阻挡 负责 我 渐渐 怎样。,0
fill_filler_132,fill,Filler,132,同锅滚水烫煮所有的食材并非烹煮高汤的要诀？,filler,2,99,list1,烹煮 高汤 的 要诀 在于 要以 同锅 滚水 烫煮 所有的 食材。,烹煮,高汤,的,要诀,在于,要以,同锅,滚水,烫煮,所有的,食材。,,,,X-X-X 摧毁 我 倘若 状况 深圳 娃娃 忧愁 军舰 胡耀邦 牵涉。,0
fill_filler_132,fill,Filler,132,同锅滚水烫煮所有的食材并非烹煮高汤的要诀？,filler,2,99,list2,烹煮 高汤 的 要诀 在于 要以 同锅 滚水 烫煮 所有的 食材。,烹煮,高汤,的,要诀,在于,要以,同锅,滚水,烫煮,所有的,食材。,,,,X-X-X 摧毁 我 倘若 状况 深圳 娃娃 忧愁 军舰 胡耀邦 牵涉。,0
fill_filler_132,fill,Filler,132,同锅滚水烫煮所有的食材并非烹煮高汤的要诀？,filler,2,99,list3,烹煮 高汤 的 要诀 在于 要以 同锅 滚水 烫煮 所有的 食材。,烹煮,高汤,的,要诀,在于,要以,同锅,滚水,烫煮,所有的,食材。,,,,X-X-X 摧毁 我 倘若 状况 深圳 娃娃 忧愁 军舰 胡耀邦 牵涉。,0
fill_filler_132,fill,Filler,132,同锅滚水烫煮所有的食材并非烹煮高汤的要诀？,filler,2,99,list4,烹煮 高汤 的 要诀 在于 要以 同锅 滚水 烫煮 所有的 食材。,烹煮,高汤,的,要诀,在于,要以,同锅,滚水,烫煮,所有的,食材。,,,,X-X-X 摧毁 我 倘若 状况 深圳 娃娃 忧愁 军舰 胡耀邦 牵涉。,0
fill_filler_133,fill,Filler,133,店内十分豪华的摆设是以木质桌椅地板为主？,filler,2,99,list1,店内 以 木质 桌椅 地板 为主 摆设 十分 简洁 纯朴。,店内,以,木质,桌椅,地板,为主,摆设,十分,简洁,纯朴。,,,,,X-X-X 呢 咱俩 嘀咕 俘虏 犯罪 死死 解决 喊声 溃疡。,0
fill_filler_133,fill,Filler,133,店内十分豪华的摆设是以木质桌椅地板为主？,filler,2,99,list2,店内 以 木质 桌椅 地板 为主 摆设 十分 简洁 纯朴。,店内,以,木质,桌椅,地板,为主,摆设,十分,简洁,纯朴。,,,,,X-X-X 呢 咱俩 嘀咕 俘虏 犯罪 死死 解决 喊声 溃疡。,0
fill_filler_133,fill,Filler,133,店内十分豪华的摆设是以木质桌椅地板为主？,filler,2,99,list3,店内 以 木质 桌椅 地板 为主 摆设 十分 简洁 纯朴。,店内,以,木质,桌椅,地板,为主,摆设,十分,简洁,纯朴。,,,,,X-X-X 呢 咱俩 嘀咕 俘虏 犯罪 死死 解决 喊声 溃疡。,0
fill_filler_133,fill,Filler,133,店内十分豪华的摆设是以木质桌椅地板为主？,filler,2,99,list4,店内 以 木质 桌椅 地板 为主 摆设 十分 简洁 纯朴。,店内,以,木质,桌椅,地板,为主,摆设,十分,简洁,纯朴。,,,,,X-X-X 呢 咱俩 嘀咕 俘虏 犯罪 死死 解决 喊声 溃疡。,0
fill_filler_134,fill,Filler,134,面包外皮焦脆是自然形成的？,filler,2,99,list1,这种 特殊 压烤 的 制作 方式 使 面包 外皮 焦脆 飘香。,这种,特殊,压烤,的,制作,方式,使,面包,外皮,焦脆,飘香。,,,,X-X-X 咱们 林瑛 说 罢了 告诉 呢 敏锐 巡逻 琢磨 窟窿。,0
fill_filler_134,fill,Filler,134,面包外皮焦脆是自然形成的？,filler,2,99,list2,这种 特殊 压烤 的 制作 方式 使 面包 外皮 焦脆 飘香。,这种,特殊,压烤,的,制作,方式,使,面包,外皮,焦脆,飘香。,,,,X-X-X 咱们 林瑛 说 罢了 告诉 呢 敏锐 巡逻 琢磨 窟窿。,0
fill_filler_134,fill,Filler,134,面包外皮焦脆是自然形成的？,filler,2,99,list3,这种 特殊 压烤 的 制作 方式 使 面包 外皮 焦脆 飘香。,这种,特殊,压烤,的,制作,方式,使,面包,外皮,焦脆,飘香。,,,,X-X-X 咱们 林瑛 说 罢了 告诉 呢 敏锐 巡逻 琢磨 窟窿。,0
fill_filler_134,fill,Filler,134,面包外皮焦脆是自然形成的？,filler,2,99,list4,这种 特殊 压烤 的 制作 方式 使 面包 外皮 焦脆 飘香。,这种,特殊,压烤,的,制作,方式,使,面包,外皮,焦脆,飘香。,,,,X-X-X 咱们 林瑛 说 罢了 告诉 呢 敏锐 巡逻 琢磨 窟窿。,0
fill_filler_135,fill,Filler,135,全球经济重建及财富重分配和二次世界大战无关？,filler,2,99,list1,二次 世界 大战 后 全球 经济 重建 财富 也 重新 分配。,二次,世界,大战,后,全球,经济,重建,财富,也,重新,分配。,,,,X-X-X 要求 呼吁 们 朦胧 什么 针灸 拒绝 你 文艺 爸爸。,0
fill_filler_135,fill,Filler,135,全球经济重建及财富重分配和二次世界大战无关？,filler,2,99,list2,二次 世界 大战 后 全球 经济 重建 财富 也 重新 分配。,二次,世界,大战,后,全球,经济,重建,财富,也,重新,分配。,,,,X-X-X 要求 呼吁 们 朦胧 什么 针灸 拒绝 你 文艺 爸爸。,0
fill_filler_135,fill,Filler,135,全球经济重建及财富重分配和二次世界大战无关？,filler,2,99,list3,二次 世界 大战 后 全球 经济 重建 财富 也 重新 分配。,二次,世界,大战,后,全球,经济,重建,财富,也,重新,分配。,,,,X-X-X 要求 呼吁 们 朦胧 什么 针灸 拒绝 你 文艺 爸爸。,0
fill_filler_135,fill,Filler,135,全球经济重建及财富重分配和二次世界大战无关？,filler,2,99,list4,二次 世界 大战 后 全球 经济 重建 财富 也 重新 分配。,二次,世界,大战,后,全球,经济,重建,财富,也,重新,分配。,,,,X-X-X 要求 呼吁 们 朦胧 什么 针灸 拒绝 你 文艺 爸爸。,0
fill_filler_136,fill,Filler,136,十年前国内出现过三十个电影城？,filler,2,99,list1,十年前 国内 出现过 数十个 电影城 从 台北 台中 到 台南 高雄。,十年前,国内,出现过,数十个,电影城,从,台北,台中,到,台南,高雄。,,,,X-X-X 刺激 蒸馏水 段祺瑞 李时珍 她 欺侮 刑罚 种 迂回 凶狠。,0
fill_filler_136,fill,Filler,136,十年前国内出现过三十个电影城？,filler,2,99,list2,十年前 国内 出现过 数十个 电影城 从 台北 台中 到 台南 高雄。,十年前,国内,出现过,数十个,电影城,从,台北,台中,到,台南,高雄。,,,,X-X-X 刺激 蒸馏水 段祺瑞 李时珍 她 欺侮 刑罚 种 迂回 凶狠。,0
fill_filler_136,fill,Filler,136,十年前国内出现过三十个电影城？,filler,2,99,list3,十年前 国内 出现过 数十个 电影城 从 台北 台中 到 台南 高雄。,十年前,国内,出现过,数十个,电影城,从,台北,台中,到,台南,高雄。,,,,X-X-X 刺激 蒸馏水 段祺瑞 李时珍 她 欺侮 刑罚 种 迂回 凶狠。,0
fill_filler_136,fill,Filler,136,十年前国内出现过三十个电影城？,filler,2,99,list4,十年前 国内 出现过 数十个 电影城 从 台北 台中 到 台南 高雄。,十年前,国内,出现过,数十个,电影城,从,台北,台中,到,台南,高雄。,,,,X-X-X 刺激 蒸馏水 段祺瑞 李时珍 她 欺侮 刑罚 种 迂回 凶狠。,0
fill_filler_137,fill,Filler,137,这两个城市并没有过去沿海城市开发的影子？,filler,2,99,list1,这两个 城市 全部 都有 过去 沿海 城市 开发的 影子。,这两个,城市,全部,都有,过去,沿海,城市,开发的,影子。,,,,,,X-X-X 掌握 困难 咆哮 怎么 损害 掌握 黑猩猩 推翻。,0
fill_filler_137,fill,Filler,137,这两个城市并没有过去沿海城市开发的影子？,filler,2,99,list2,这两个 城市 全部 都有 过去 沿海 城市 开发的 影子。,这两个,城市,全部,都有,过去,沿海,城市,开发的,影子。,,,,,,X-X-X 掌握 困难 咆哮 怎么 损害 掌握 黑猩猩 推翻。,0
fill_filler_137,fill,Filler,137,这两个城市并没有过去沿海城市开发的影子？,filler,2,99,list3,这两个 城市 全部 都有 过去 沿海 城市 开发的 影子。,这两个,城市,全部,都有,过去,沿海,城市,开发的,影子。,,,,,,X-X-X 掌握 困难 咆哮 怎么 损害 掌握 黑猩猩 推翻。,0
fill_filler_137,fill,Filler,137,这两个城市并没有过去沿海城市开发的影子？,filler,2,99,list4,这两个 城市 全部 都有 过去 沿海 城市 开发的 影子。,这两个,城市,全部,都有,过去,沿海,城市,开发的,影子。,,,,,,X-X-X 掌握 困难 咆哮 怎么 损害 掌握 黑猩猩 推翻。,0
fill_filler_138,fill,Filler,138,生产效率和回报并非大家关心的问题？,filler,2,99,list1,这么多的 投资 终究 要 面临 生产 效率 和 回报 的 问题。,这么多的,投资,终究,要,面临,生产,效率,和,回报,的,问题。,,,,X-X-X 喜欢 摹仿 那 四川 情况 爱情 个 勇敢 我 什么。,0
fill_filler_138,fill,Filler,138,生产效率和回报并非大家关心的问题？,filler,2,99,list2,这么多的 投资 终究 要 面临 生产 效率 和 回报 的 问题。,这么多的,投资,终究,要,面临,生产,效率,和,回报,的,问题。,,,,X-X-X 喜欢 摹仿 那 四川 情况 爱情 个 勇敢 我 什么。,0
fill_filler_138,fill,Filler,138,生产效率和回报并非大家关心的问题？,filler,2,99,list3,这么多的 投资 终究 要 面临 生产 效率 和 回报 的 问题。,这么多的,投资,终究,要,面临,生产,效率,和,回报,的,问题。,,,,X-X-X 喜欢 摹仿 那 四川 情况 爱情 个 勇敢 我 什么。,0
fill_filler_138,fill,Filler,138,生产效率和回报并非大家关心的问题？,filler,2,99,list4,这么多的 投资 终究 要 面临 生产 效率 和 回报 的 问题。,这么多的,投资,终究,要,面临,生产,效率,和,回报,的,问题。,,,,X-X-X 喜欢 摹仿 那 四川 情况 爱情 个 勇敢 我 什么。,0
fill_filler_139,fill,Filler,139,只有科技产业需要灌注活力和配套措施？,filler,2,99,list1,从 科技 产业 到 传统 产业 全部 都 需要 投入 活力 和 配套 措施。,从,科技,产业,到,传统,产业,全部,都,需要,投入,活力,和,配套,措施。,X-X-X 贯彻 恐怕 她 似乎 恐怕 告诉 两 问题 纷纷 束缚 我 蜜蜂 忽然。,0
fill_filler_139,fill,Filler,139,只有科技产业需要灌注活力和配套措施？,filler,2,99,list2,从 科技 产业 到 传统 产业 全部 都 需要 投入 活力 和 配套 措施。,从,科技,产业,到,传统,产业,全部,都,需要,投入,活力,和,配套,措施。,X-X-X 贯彻 恐怕 她 似乎 恐怕 告诉 两 问题 纷纷 束缚 我 蜜蜂 忽然。,0
fill_filler_139,fill,Filler,139,只有科技产业需要灌注活力和配套措施？,filler,2,99,list3,从 科技 产业 到 传统 产业 全部 都 需要 投入 活力 和 配套 措施。,从,科技,产业,到,传统,产业,全部,都,需要,投入,活力,和,配套,措施。,X-X-X 贯彻 恐怕 她 似乎 恐怕 告诉 两 问题 纷纷 束缚 我 蜜蜂 忽然。,0
fill_filler_139,fill,Filler,139,只有科技产业需要灌注活力和配套措施？,filler,2,99,list4,从 科技 产业 到 传统 产业 全部 都 需要 投入 活力 和 配套 措施。,从,科技,产业,到,传统,产业,全部,都,需要,投入,活力,和,配套,措施。,X-X-X 贯彻 恐怕 她 似乎 恐怕 告诉 两 问题 纷纷 束缚 我 蜜蜂 忽然。,0
fill_filler_140,fill,Filler,140,使用同一品牌整套的美白保养品最好？,filler,2,99,list1,美白 保养品 不一定 是 同一 品牌 整套 使用 效果 最好。,美白,保养品,不一定,是,同一,品牌,整套,使用,效果,最好。,,,,,X-X-X 孙悟空 党中央 了 贡献 踊跃 凄惨 意义 北京 避免。,0
fill_filler_140,fill,Filler,140,使用同一品牌整套的美白保养品最好？,filler,2,99,list2,美白 保养品 不一定 是 同一 品牌 整套 使用 效果 最好。,美白,保养品,不一定,是,同一,品牌,整套,使用,效果,最好。,,,,,X-X-X 孙悟空 党中央 了 贡献 踊跃 凄惨 意义 北京 避免。,0
fill_filler_140,fill,Filler,140,使用同一品牌整套的美白保养品最好？,filler,2,99,list3,美白 保养品 不一定 是 同一 品牌 整套 使用 效果 最好。,美白,保养品,不一定,是,同一,品牌,整套,使用,效果,最好。,,,,,X-X-X 孙悟空 党中央 了 贡献 踊跃 凄惨 意义 北京 避免。,0
fill_filler_140,fill,Filler,140,使用同一品牌整套的美白保养品最好？,filler,2,99,list4,美白 保养品 不一定 是 同一 品牌 整套 使用 效果 最好。,美白,保养品,不一定,是,同一,品牌,整套,使用,效果,最好。,,,,,X-X-X 孙悟空 党中央 了 贡献 踊跃 凄惨 意义 北京 避免。,0
fill_RCfiller_201,fill,Filler_GibsonWu,201,驴子踢了农夫想卖的马吗？,RCfiller,1,99,list1,昨天 被 驴子 踢 的 那匹 马 是 农夫 要卖掉 的。,昨天,被,驴子,踢,的,那匹,马,是,农夫,要卖掉,的。,,,,X-X-X 并 逐渐 幢 种 筹建 入 种 操纵 碳酸钠 种。,0
fill_RCfiller_201,fill,Filler_GibsonWu,201,驴子踢了农夫想卖的马吗？,RCfiller,1,99,list2,昨天 被 驴子 踢 的 那匹 马 是 农夫 要卖掉 的。,昨天,被,驴子,踢,的,那匹,马,是,农夫,要卖掉,的。,,,,X-X-X 并 逐渐 幢 种 筹建 入 种 操纵 碳酸钠 种。,0
fill_RCfiller_201,fill,Filler_GibsonWu,201,驴子踢了农夫想卖的马吗？,RCfiller,1,99,list3,昨天 被 驴子 踢 的 那匹 马 是 农夫 要卖掉 的。,昨天,被,驴子,踢,的,那匹,马,是,农夫,要卖掉,的。,,,,X-X-X 并 逐渐 幢 种 筹建 入 种 操纵 碳酸钠 种。,0
fill_RCfiller_201,fill,Filler_GibsonWu,201,驴子踢了农夫想卖的马吗？,RCfiller,1,99,list4,昨天 被 驴子 踢 的 那匹 马 是 农夫 要卖掉 的。,昨天,被,驴子,踢,的,那匹,马,是,农夫,要卖掉,的。,,,,X-X-X 并 逐渐 幢 种 筹建 入 种 操纵 碳酸钠 种。,0
fill_RCfiller_202,fill,Filler_GibsonWu,202,制作人批评了和唱片公司签约的音乐家吗？,RCfiller,2,99,list1,唱片公司 今天 拒绝 和 批评 制作人 的 那位 音乐家 签约。,唱片公司,今天,拒绝,和,批评,制作人,的,那位,音乐家,签约。,,,,,X-X-X 分析 肌肉 种 颜色 气呼呼 种 纷纷 胡耀邦 藻类。,0
fill_RCfiller_202,fill,Filler_GibsonWu,202,制作人批评了和唱片公司签约的音乐家吗？,RCfiller,2,99,list2,唱片公司 今天 拒绝 和 批评 制作人 的 那位 音乐家 签约。,唱片公司,今天,拒绝,和,批评,制作人,的,那位,音乐家,签约。,,,,,X-X-X 分析 肌肉 种 颜色 气呼呼 种 纷纷 胡耀邦 藻类。,0
fill_RCfiller_202,fill,Filler_GibsonWu,202,制作人批评了和唱片公司签约的音乐家吗？,RCfiller,2,99,list3,唱片公司 今天 拒绝 和 批评 制作人 的 那位 音乐家 签约。,唱片公司,今天,拒绝,和,批评,制作人,的,那位,音乐家,签约。,,,,,X-X-X 分析 肌肉 种 颜色 气呼呼 种 纷纷 胡耀邦 藻类。,0
fill_RCfiller_202,fill,Filler_GibsonWu,202,制作人批评了和唱片公司签约的音乐家吗？,RCfiller,2,99,list4,唱片公司 今天 拒绝 和 批评 制作人 的 那位 音乐家 签约。,唱片公司,今天,拒绝,和,批评,制作人,的,那位,音乐家,签约。,,,,,X-X-X 分析 肌肉 种 颜色 气呼呼 种 纷纷 胡耀邦 藻类。,0
fill_RCfiller_203,fill,Filler_GibsonWu,203,狗刚才追了邻居养的猫吗？,RCfiller,1,99,list1,刚才 被 狗 追 的 那只 猫 是 邻居 养 的。,刚才,被,狗,追,的,那只,猫,是,邻居,养,的。,,,,X-X-X 并 吨 芽 种 债券 移 种 奠定 吨 为。,0
fill_RCfiller_203,fill,Filler_GibsonWu,203,狗刚才追了邻居养的猫吗？,RCfiller,1,99,list2,刚才 被 狗 追 的 那只 猫 是 邻居 养 的。,刚才,被,狗,追,的,那只,猫,是,邻居,养,的。,,,,X-X-X 并 吨 芽 种 债券 移 种 奠定 吨 为。,0
fill_RCfiller_203,fill,Filler_GibsonWu,203,狗刚才追了邻居养的猫吗？,RCfiller,1,99,list3,刚才 被 狗 追 的 那只 猫 是 邻居 养 的。,刚才,被,狗,追,的,那只,猫,是,邻居,养,的。,,,,X-X-X 并 吨 芽 种 债券 移 种 奠定 吨 为。,0
fill_RCfiller_203,fill,Filler_GibsonWu,203,狗刚才追了邻居养的猫吗？,RCfiller,1,99,list4,刚才 被 狗 追 的 那只 猫 是 邻居 养 的。,刚才,被,狗,追,的,那只,猫,是,邻居,养,的。,,,,X-X-X 并 吨 芽 种 债券 移 种 奠定 吨 为。,0
fill_RCfiller_204,fill,Filler_GibsonWu,204,哈佛大学聘用了一个生物学副教授吗？,RCfiller,2,99,list1,哈佛大学 上个月 聘用了 获得 诺贝尔奖 的 那个 生物学家 为 正教授。,哈佛大学,上个月,聘用了,获得,诺贝尔奖,的,那个,生物学家,为,正教授。,,,,,X-X-X 肖武斌 水溶液 阶段 不慌不忙 种 矛盾 不慌不忙 它 笑眯眯。,0
fill_RCfiller_204,fill,Filler_GibsonWu,204,哈佛大学聘用了一个生物学副教授吗？,RCfiller,2,99,list2,哈佛大学 上个月 聘用了 获得 诺贝尔奖 的 那个 生物学家 为 正教授。,哈佛大学,上个月,聘用了,获得,诺贝尔奖,的,那个,生物学家,为,正教授。,,,,,X-X-X 肖武斌 水溶液 阶段 不慌不忙 种 矛盾 不慌不忙 它 笑眯眯。,0
fill_RCfiller_204,fill,Filler_GibsonWu,204,哈佛大学聘用了一个生物学副教授吗？,RCfiller,2,99,list3,哈佛大学 上个月 聘用了 获得 诺贝尔奖 的 那个 生物学家 为 正教授。,哈佛大学,上个月,聘用了,获得,诺贝尔奖,的,那个,生物学家,为,正教授。,,,,,X-X-X 肖武斌 水溶液 阶段 不慌不忙 种 矛盾 不慌不忙 它 笑眯眯。,0
fill_RCfiller_204,fill,Filler_GibsonWu,204,哈佛大学聘用了一个生物学副教授吗？,RCfiller,2,99,list4,哈佛大学 上个月 聘用了 获得 诺贝尔奖 的 那个 生物学家 为 正教授。,哈佛大学,上个月,聘用了,获得,诺贝尔奖,的,那个,生物学家,为,正教授。,,,,,X-X-X 肖武斌 水溶液 阶段 不慌不忙 种 矛盾 不慌不忙 它 笑眯眯。,0
fill_RCfiller_205,fill,Filler_GibsonWu,205,卡车撞了一个的非法入境的农夫吗？,RCfiller,1,99,list1,上次 被 卡车 撞了 的 那个 农夫 是 一个 在逃 的 非法移民。,上次,被,卡车,撞了,的,那个,农夫,是,一个,在逃,的,非法移民。,,,X-X-X 呢 觉醒 嗡嗡 种 矛盾 谓语 种 研究 卵巢 把 拨乱反正。,0
fill_RCfiller_205,fill,Filler_GibsonWu,205,卡车撞了一个的非法入境的农夫吗？,RCfiller,1,99,list2,上次 被 卡车 撞了 的 那个 农夫 是 一个 在逃 的 非法移民。,上次,被,卡车,撞了,的,那个,农夫,是,一个,在逃,的,非法移民。,,,X-X-X 呢 觉醒 嗡嗡 种 矛盾 谓语 种 研究 卵巢 把 拨乱反正。,0
fill_RCfiller_205,fill,Filler_GibsonWu,205,卡车撞了一个的非法入境的农夫吗？,RCfiller,1,99,list3,上次 被 卡车 撞了 的 那个 农夫 是 一个 在逃 的 非法移民。,上次,被,卡车,撞了,的,那个,农夫,是,一个,在逃,的,非法移民。,,,X-X-X 呢 觉醒 嗡嗡 种 矛盾 谓语 种 研究 卵巢 把 拨乱反正。,0
fill_RCfiller_205,fill,Filler_GibsonWu,205,卡车撞了一个的非法入境的农夫吗？,RCfiller,1,99,list4,上次 被 卡车 撞了 的 那个 农夫 是 一个 在逃 的 非法移民。,上次,被,卡车,撞了,的,那个,农夫,是,一个,在逃,的,非法移民。,,,X-X-X 呢 觉醒 嗡嗡 种 矛盾 谓语 种 研究 卵巢 把 拨乱反正。,0
fill_RCfiller_206,fill,Filler_GibsonWu,206,触怒了美甲师的发型师被有名的演员拒绝了吗？,RCfiller,2,99,list1,早上 触怒了 美甲师 的 那位 发型师 在 和 有名的 演员 交往。,早上,触怒了,美甲师,的,那位,发型师,在,和,有名的,演员,交往。,,,,X-X-X 梁启超 愈来愈 种 纷纷 二十八 种 种 慢吞吞 缺乏 岗位。,0
fill_RCfiller_206,fill,Filler_GibsonWu,206,触怒了美甲师的发型师被有名的演员拒绝了吗？,RCfiller,2,99,list2,早上 触怒了 美甲师 的 那位 发型师 在 和 有名的 演员 交往。,早上,触怒了,美甲师,的,那位,发型师,在,和,有名的,演员,交往。,,,,X-X-X 梁启超 愈来愈 种 纷纷 二十八 种 种 慢吞吞 缺乏 岗位。,0
fill_RCfiller_206,fill,Filler_GibsonWu,206,触怒了美甲师的发型师被有名的演员拒绝了吗？,RCfiller,2,99,list3,早上 触怒了 美甲师 的 那位 发型师 在 和 有名的 演员 交往。,早上,触怒了,美甲师,的,那位,发型师,在,和,有名的,演员,交往。,,,,X-X-X 梁启超 愈来愈 种 纷纷 二十八 种 种 慢吞吞 缺乏 岗位。,0
fill_RCfiller_206,fill,Filler_GibsonWu,206,触怒了美甲师的发型师被有名的演员拒绝了吗？,RCfiller,2,99,list4,早上 触怒了 美甲师 的 那位 发型师 在 和 有名的 演员 交往。,早上,触怒了,美甲师,的,那位,发型师,在,和,有名的,演员,交往。,,,,X-X-X 梁启超 愈来愈 种 纷纷 二十八 种 种 慢吞吞 缺乏 岗位。,0
fill_RCfiller_207,fill,Filler_GibsonWu,207,被工会奖励的木匠赞美了水电工吗？,RCfiller,2,99,list1,工会 奖励了 今天 被 水电工 赞美 的 那个 木匠。,工会,奖励了,今天,被,水电工,赞美,的,那个,木匠。,,,,,,X-X-X 黑猩猩 解决 呢 说清楚 词典 种 矛盾 辗转。,0
fill_RCfiller_207,fill,Filler_GibsonWu,207,被工会奖励的木匠赞美了水电工吗？,RCfiller,2,99,list2,工会 奖励了 今天 被 水电工 赞美 的 那个 木匠。,工会,奖励了,今天,被,水电工,赞美,的,那个,木匠。,,,,,,X-X-X 黑猩猩 解决 呢 说清楚 词典 种 矛盾 辗转。,0
fill_RCfiller_207,fill,Filler_GibsonWu,207,被工会奖励的木匠赞美了水电工吗？,RCfiller,2,99,list3,工会 奖励了 今天 被 水电工 赞美 的 那个 木匠。,工会,奖励了,今天,被,水电工,赞美,的,那个,木匠。,,,,,,X-X-X 黑猩猩 解决 呢 说清楚 词典 种 矛盾 辗转。,0
fill_RCfiller_207,fill,Filler_GibsonWu,207,被工会奖励的木匠赞美了水电工吗？,RCfiller,2,99,list4,工会 奖励了 今天 被 水电工 赞美 的 那个 木匠。,工会,奖励了,今天,被,水电工,赞美,的,那个,木匠。,,,,,,X-X-X 黑猩猩 解决 呢 说清楚 词典 种 矛盾 辗转。,0
fill_RCfiller_208,fill,Filler_GibsonWu,208,那位会计师向律师打了招呼吗？,RCfiller,1,99,list1,被 美国银行 上周 雇用 的 那位 会计师 向 律师 打招呼。,被,美国银行,上周,雇用,的,那位,会计师,向,律师,打招呼。,,,,,X-X-X 氢氧化钠 畸形 身躯 种 纷纷 谭嗣同 呢 隐蔽 叶倩倩。,0
fill_RCfiller_208,fill,Filler_GibsonWu,208,那位会计师向律师打了招呼吗？,RCfiller,1,99,list2,被 美国银行 上周 雇用 的 那位 会计师 向 律师 打招呼。,被,美国银行,上周,雇用,的,那位,会计师,向,律师,打招呼。,,,,,X-X-X 氢氧化钠 畸形 身躯 种 纷纷 谭嗣同 呢 隐蔽 叶倩倩。,0
fill_RCfiller_208,fill,Filler_GibsonWu,208,那位会计师向律师打了招呼吗？,RCfiller,1,99,list3,被 美国银行 上周 雇用 的 那位 会计师 向 律师 打招呼。,被,美国银行,上周,雇用,的,那位,会计师,向,律师,打招呼。,,,,,X-X-X 氢氧化钠 畸形 身躯 种 纷纷 谭嗣同 呢 隐蔽 叶倩倩。,0
fill_RCfiller_208,fill,Filler_GibsonWu,208,那位会计师向律师打了招呼吗？,RCfiller,1,99,list4,被 美国银行 上周 雇用 的 那位 会计师 向 律师 打招呼。,被,美国银行,上周,雇用,的,那位,会计师,向,律师,打招呼。,,,,,X-X-X 氢氧化钠 畸形 身躯 种 纷纷 谭嗣同 呢 隐蔽 叶倩倩。,0
fill_j_301,fill,Adverb_position,301,小孩发誓猫咪抓到了小鸟吗?,j,1,5,list1,小孩 解释说 上午 猫咪 抓到了 一只 稀有的 小鸟 所以 很难过。,小孩,解释说,上午,猫咪,抓到了,一只,稀有的,小鸟,所以,很难过。,,,,,X-X-X 肖武斌 锻炼 扼杀 史文远 沉浸 广东省 尴尬 研究 史岱年。,0
fill_j_301,fill,Adverb_position,301,小孩发誓猫咪抓到了小鸟吗?,j,1,5,list3,小孩 解释说 上午 猫咪 抓到了 一只 稀有的 小鸟 所以 很难过。,小孩,解释说,上午,猫咪,抓到了,一只,稀有的,小鸟,所以,很难过。,,,,,X-X-X 肖武斌 锻炼 扼杀 史文远 沉浸 广东省 尴尬 研究 史岱年。,0
fill_k_301,fill,Adverb_position,301,小孩发誓猫咪抓到了小鸟吗?,k,1,5,list2,小孩 解释说 猫咪 上午 抓到了 一只 稀有的 小鸟 所以 很难过。,小孩,解释说,猫咪,上午,抓到了,一只,稀有的,小鸟,所以,很难过。,,,,,X-X-X 销售量 侵占 锻炼 史岱年 逻辑 党组织 尴尬 研究 党组织。,0
fill_k_301,fill,Adverb_position,301,小孩发誓猫咪抓到了小鸟吗?,k,1,5,list4,小孩 解释说 猫咪 上午 抓到了 一只 稀有的 小鸟 所以 很难过。,小孩,解释说,猫咪,上午,抓到了,一只,稀有的,小鸟,所以,很难过。,,,,,X-X-X 销售量 侵占 锻炼 史岱年 逻辑 党组织 尴尬 研究 党组织。,0
fill_j_302,fill,Adverb_position,302,女孩表示男友购买了戒指吗?,j,1,5,list2,女孩 表示 今早 男友 购买了 一只 昂贵的 戒指 所以 非常惊讶。,女孩,表示,今早,男友,购买了,一只,昂贵的,戒指,所以,非常惊讶。,,,,,X-X-X 政府 摹仿 缺乏 乒乓球 蝌蚪 譬如说 高耸 研究 环境污染。,0
fill_j_302,fill,Adverb_position,302,女孩表示男友购买了戒指吗?,j,1,5,list4,女孩 表示 今早 男友 购买了 一只 昂贵的 戒指 所以 非常惊讶。,女孩,表示,今早,男友,购买了,一只,昂贵的,戒指,所以,非常惊讶。,,,,,X-X-X 政府 摹仿 缺乏 乒乓球 蝌蚪 譬如说 高耸 研究 环境污染。,0
fill_k_302,fill,Adverb_position,302,女孩表示男友购买了戒指吗?,k,1,5,list1,女孩 表示 男友 今早 购买了 一只 昂贵的 戒指 所以 非常惊讶。,女孩,表示,男友,今早,购买了,一只,昂贵的,戒指,所以,非常惊讶。,,,,,X-X-X 政府 融化 取缔 卵细胞 猖狂 脂肪酸 高耸 研究 国民政府。,0
fill_k_302,fill,Adverb_position,302,女孩表示男友购买了戒指吗?,k,1,5,list3,女孩 表示 男友 今早 购买了 一只 昂贵的 戒指 所以 非常惊讶。,女孩,表示,男友,今早,购买了,一只,昂贵的,戒指,所以,非常惊讶。,,,,,X-X-X 政府 融化 取缔 卵细胞 猖狂 脂肪酸 高耸 研究 国民政府。,0
fill_j_303,fill,Adverb_position,303,男孩耳闻邻居八卦了轿车吗?,j,1,5,list1,男孩 耳闻 刚刚 邻居 八卦了 那辆 偷来的 轿车 所以 很好奇。,男孩,耳闻,刚刚,邻居,八卦了,那辆,偷来的,轿车,所以,很好奇。,,,,,X-X-X 敏锐 逻辑 寻求 鄂伦春 诚恳 病虫害 严谨 研究 脂肪酸。,0
fill_j_303,fill,Adverb_position,303,男孩耳闻邻居八卦了轿车吗?,j,1,5,list3,男孩 耳闻 刚刚 邻居 八卦了 那辆 偷来的 轿车 所以 很好奇。,男孩,耳闻,刚刚,邻居,八卦了,那辆,偷来的,轿车,所以,很好奇。,,,,,X-X-X 敏锐 逻辑 寻求 鄂伦春 诚恳 病虫害 严谨 研究 脂肪酸。,0
fill_k_303,fill,Adverb_position,303,男孩耳闻邻居八卦了轿车吗?,k,1,5,list2,男孩 耳闻 邻居 刚刚 八卦了 那辆 偷来的 轿车 所以 很好奇。,男孩,耳闻,邻居,刚刚,八卦了,那辆,偷来的,轿车,所以,很好奇。,,,,,X-X-X 按钮 奠定 趋势 伽利略 肺炎 视网膜 严谨 必须 史岱年。,0
fill_k_303,fill,Adverb_position,303,男孩耳闻邻居八卦了轿车吗?,k,1,5,list4,男孩 耳闻 邻居 刚刚 八卦了 那辆 偷来的 轿车 所以 很好奇。,男孩,耳闻,邻居,刚刚,八卦了,那辆,偷来的,轿车,所以,很好奇。,,,,,X-X-X 按钮 奠定 趋势 伽利略 肺炎 视网膜 严谨 必须 史岱年。,0
fill_j_304,fill,Adverb_position,304,娃娃希望妈妈买来了蛋糕吗?,j,1,5,list2,娃娃 知道 今天 妈妈 买来了 一个 好吃的 蛋糕 所以 很兴奋。,娃娃,知道,今天,妈妈,买来了,一个,好吃的,蛋糕,所以,很兴奋。,,,,,X-X-X 条件 解决 迅速 氯化钠 研究 于右任 咆哮 研究 柬埔寨。,0
fill_j_304,fill,Adverb_position,304,娃娃希望妈妈买来了蛋糕吗?,j,1,5,list4,娃娃 知道 今天 妈妈 买来了 一个 好吃的 蛋糕 所以 很兴奋。,娃娃,知道,今天,妈妈,买来了,一个,好吃的,蛋糕,所以,很兴奋。,,,,,X-X-X 条件 解决 迅速 氯化钠 研究 于右任 咆哮 研究 柬埔寨。,0
fill_k_304,fill,Adverb_position,304,娃娃希望妈妈买来了蛋糕吗?,k,1,5,list1,娃娃 知道 妈妈 今天 买来了 一个 好吃的 蛋糕 所以 很兴奋。,娃娃,知道,妈妈,今天,买来了,一个,好吃的,蛋糕,所以,很兴奋。,,,,,X-X-X 条件 逐渐 解决 氯酸钾 研究 辩证法 暗暗 研究 林则徐。,0
fill_k_304,fill,Adverb_position,304,娃娃希望妈妈买来了蛋糕吗?,k,1,5,list3,娃娃 知道 妈妈 今天 买来了 一个 好吃的 蛋糕 所以 很兴奋。,娃娃,知道,妈妈,今天,买来了,一个,好吃的,蛋糕,所以,很兴奋。,,,,,X-X-X 条件 逐渐 解决 氯酸钾 研究 辩证法 暗暗 研究 林则徐。,0
fill_j_305,fill,Adverb_position,305,家人以为祖父发生了车祸吗?,j,1,5,list1,家人 以为 下午 祖父 发生了 一场 严重的 车祸 所以 很着急。,家人,以为,下午,祖父,发生了,一场,严重的,车祸,所以,很着急。,,,,,X-X-X 措施 渐渐 振奋 奴隶制 眺望 达斡尔 熟悉 科学 鄂伦春。,0
fill_j_305,fill,Adverb_position,305,家人以为祖父发生了车祸吗?,j,1,5,list3,家人 以为 下午 祖父 发生了 一场 严重的 车祸 所以 很着急。,家人,以为,下午,祖父,发生了,一场,严重的,车祸,所以,很着急。,,,,,X-X-X 措施 渐渐 振奋 奴隶制 眺望 达斡尔 熟悉 科学 鄂伦春。,0
fill_k_305,fill,Adverb_position,305,家人以为祖父发生了车祸吗?,k,1,5,list2,家人 以为 祖父 下午 发生了 一场 严重的 车祸 所以 很着急。,家人,以为,祖父,下午,发生了,一场,严重的,车祸,所以,很着急。,,,,,X-X-X 措施 振奋 欣赏 氨基酸 眺望 氧化铜 凑近 科学 椭圆形。,0
fill_k_305,fill,Adverb_position,305,家人以为祖父发生了车祸吗?,k,1,5,list4,家人 以为 祖父 下午 发生了 一场 严重的 车祸 所以 很着急。,家人,以为,祖父,下午,发生了,一场,严重的,车祸,所以,很着急。,,,,,X-X-X 措施 振奋 欣赏 氨基酸 眺望 氧化铜 凑近 科学 椭圆形。,0
fill_j_306,fill,Adverb_position,306,妻子认为丈夫陪伴了情妇吗?,j,1,5,list2,妻子 认为 昨晚 丈夫 陪伴了 一位 年轻的 情妇 所以 提出诉讼。,妻子,认为,昨晚,丈夫,陪伴了,一位,年轻的,情妇,所以,提出诉讼。,,,,,X-X-X 技术 干吗 巩固 硝酸钾 蚕丝 抵抗力 嘻嘻 研究 经济杠杆。,0
fill_j_306,fill,Adverb_position,306,妻子认为丈夫陪伴了情妇吗?,j,1,5,list4,妻子 认为 昨晚 丈夫 陪伴了 一位 年轻的 情妇 所以 提出诉讼。,妻子,认为,昨晚,丈夫,陪伴了,一位,年轻的,情妇,所以,提出诉讼。,,,,,X-X-X 技术 干吗 巩固 硝酸钾 蚕丝 抵抗力 嘻嘻 研究 经济杠杆。,0
fill_k_306,fill,Adverb_position,306,妻子认为丈夫陪伴了情妇吗?,k,1,5,list1,妻子 认为 丈夫 昨晚 陪伴了 一位 年轻的 情妇 所以 提出诉讼。,妻子,认为,丈夫,昨晚,陪伴了,一位,年轻的,情妇,所以,提出诉讼。,,,,,X-X-X 技术 贯彻 干吗 洋铁桶 祈祷 氧化物 除掉 研究 技术革命。,0
fill_k_306,fill,Adverb_position,306,妻子认为丈夫陪伴了情妇吗?,k,1,5,list3,妻子 认为 丈夫 昨晚 陪伴了 一位 年轻的 情妇 所以 提出诉讼。,妻子,认为,丈夫,昨晚,陪伴了,一位,年轻的,情妇,所以,提出诉讼。,,,,,X-X-X 技术 贯彻 干吗 洋铁桶 祈祷 氧化物 除掉 研究 技术革命。,0
fill_j_307,fill,Adverb_position,307,政府预料吸烟危害了人口吗?,j,1,5,list1,政府 预料 每年 吸烟 危害了 众多 健康的 人口 并且 提出警讯。,政府,预料,每年,吸烟,危害了,众多,健康的,人口,并且,提出警讯。,,,,,X-X-X 棺材 贡献 庸俗 硝酸钾 蔬菜 金丝猴 清楚 矛盾 思想意识。,0
fill_j_307,fill,Adverb_position,307,政府预料吸烟危害了人口吗?,j,1,5,list3,政府 预料 每年 吸烟 危害了 众多 健康的 人口 并且 提出警讯。,政府,预料,每年,吸烟,危害了,众多,健康的,人口,并且,提出警讯。,,,,,X-X-X 棺材 贡献 庸俗 硝酸钾 蔬菜 金丝猴 清楚 矛盾 思想意识。,0
fill_k_307,fill,Adverb_position,307,政府预料吸烟危害了人口吗?,k,1,5,list2,政府 预料 吸烟 每年 危害了 众多 健康的 人口 并且 提出警讯。,政府,预料,吸烟,每年,危害了,众多,健康的,人口,并且,提出警讯。,,,,,X-X-X 稻谷 庸俗 贡献 硫酸铜 蔬菜 冯玉祥 介绍 看见 风俗习惯。,0
fill_k_307,fill,Adverb_position,307,政府预料吸烟危害了人口吗?,k,1,5,list4,政府 预料 吸烟 每年 危害了 众多 健康的 人口 并且 提出警讯。,政府,预料,吸烟,每年,危害了,众多,健康的,人口,并且,提出警讯。,,,,,X-X-X 稻谷 庸俗 贡献 硫酸铜 蔬菜 冯玉祥 介绍 看见 风俗习惯。,0
fill_j_308,fill,Adverb_position,308,警察暗示嫌犯闯入了赌场吗?,j,1,5,list2,警察 暗示 昨天 嫌犯 闯入了 几座 豪华的 赌场 并且 拍了照。,警察,暗示,昨天,嫌犯,闯入了,几座,豪华的,赌场,并且,拍了照。,,,,,X-X-X 耶稣 懂得 瘫痪 硝酸钾 雌蕊 病虫害 嚷嚷 矛盾 黎小玲。,0
fill_j_308,fill,Adverb_position,308,警察暗示嫌犯闯入了赌场吗?,j,1,5,list4,警察 暗示 昨天 嫌犯 闯入了 几座 豪华的 赌场 并且 拍了照。,警察,暗示,昨天,嫌犯,闯入了,几座,豪华的,赌场,并且,拍了照。,,,,,X-X-X 耶稣 懂得 瘫痪 硝酸钾 雌蕊 病虫害 嚷嚷 矛盾 黎小玲。,0
fill_k_308,fill,Adverb_position,308,警察暗示嫌犯闯入了赌场吗?,k,1,5,list1,警察 暗示 嫌犯 昨天 闯入了 几座 豪华的 赌场 并且 拍了照。,警察,暗示,嫌犯,昨天,闯入了,几座,豪华的,赌场,并且,拍了照。,,,,,X-X-X 耶稣 咆哮 消耗 催化剂 饥饿 解剖学 咳嗽 矛盾 李鸿章。,0
fill_k_308,fill,Adverb_position,308,警察暗示嫌犯闯入了赌场吗?,k,1,5,list3,警察 暗示 嫌犯 昨天 闯入了 几座 豪华的 赌场 并且 拍了照。,警察,暗示,嫌犯,昨天,闯入了,几座,豪华的,赌场,并且,拍了照。,,,,,X-X-X 耶稣 咆哮 消耗 催化剂 饥饿 解剖学 咳嗽 矛盾 李鸿章。,0
fill_j_309,fill,Adverb_position,309,校长获得了奖项吗?,j,2,5,list1,校长 喜闻 去年 学生 获得了 几项 国际的 奖项 所以 颁发了 奖学金。,校长,喜闻,去年,学生,获得了,几项,国际的,奖项,所以,颁发了,奖学金。,,,,X-X-X 肺炎 限制 怎么 硝酸钾 鞠躬 犯错误 烦躁 思想 黑猩猩 汪精卫。,0
fill_j_309,fill,Adverb_position,309,校长获得了奖项吗?,j,2,5,list3,校长 喜闻 去年 学生 获得了 几项 国际的 奖项 所以 颁发了 奖学金。,校长,喜闻,去年,学生,获得了,几项,国际的,奖项,所以,颁发了,奖学金。,,,,X-X-X 肺炎 限制 怎么 硝酸钾 鞠躬 犯错误 烦躁 思想 黑猩猩 汪精卫。,0
fill_k_309,fill,Adverb_position,309,校长获得了奖项吗?,k,2,5,list2,校长 喜闻 学生 去年 获得了 几项 国际的 奖项 所以 颁发了 奖学金。,校长,喜闻,学生,去年,获得了,几项,国际的,奖项,所以,颁发了,奖学金。,,,,X-X-X 山脉 怎么 限制 荧光屏 咬住 习惯于 潮湿 思想 病虫害 碳酸钠。,0
fill_k_309,fill,Adverb_position,309,校长获得了奖项吗?,k,2,5,list4,校长 喜闻 学生 去年 获得了 几项 国际的 奖项 所以 颁发了 奖学金。,校长,喜闻,学生,去年,获得了,几项,国际的,奖项,所以,颁发了,奖学金。,,,,X-X-X 山脉 怎么 限制 荧光屏 咬住 习惯于 潮湿 思想 病虫害 碳酸钠。,0
fill_j_310,fill,Adverb_position,310,海关携带了手表吗?,j,2,5,list2,海关 判断 傍晚 游客 携带了 一支 仿冒 的手表 所以 决定押收。,海关,判断,傍晚,游客,携带了,一支,仿冒,的手表,所以,决定押收。,,,,,X-X-X 色彩 讨厌 痉挛 老爷爷 膳食 扫描 刹那间 科学 风俗习惯。,0
fill_j_310,fill,Adverb_position,310,海关携带了手表吗?,j,2,5,list4,海关 判断 傍晚 游客 携带了 一支 仿冒 的手表 所以 决定押收。,海关,判断,傍晚,游客,携带了,一支,仿冒,的手表,所以,决定押收。,,,,,X-X-X 色彩 讨厌 痉挛 老爷爷 膳食 扫描 刹那间 科学 风俗习惯。,0
fill_k_310,fill,Adverb_position,310,海关携带了手表吗?,k,2,5,list1,海关 判断 游客 傍晚 携带了 一支 仿冒的 手表 所以 决定押收。,海关,判断,游客,傍晚,携带了,一支,仿冒的,手表,所以,决定押收。,,,,,X-X-X 色彩 痉挛 讨厌 硝酸钾 蔬菜 乡亲们 厌恶 科学 基本矛盾。,0
fill_k_310,fill,Adverb_position,310,海关携带了手表吗?,k,2,5,list3,海关 判断 游客 傍晚 携带了 一支 仿冒的 手表 所以 决定押收。,海关,判断,游客,傍晚,携带了,一支,仿冒的,手表,所以,决定押收。,,,,,X-X-X 色彩 痉挛 讨厌 硝酸钾 蔬菜 乡亲们 厌恶 科学 基本矛盾。,0
fill_j_311,fill,Adverb_position,311,民众接受了豪宅吗?,j,2,5,list1,民众 爆料 上周 官员 接受了 一座 国外的 豪宅 并且 投诉为 贿赂。,民众,爆料,上周,官员,接受了,一座,国外的,豪宅,并且,投诉为,贿赂。,,,,X-X-X 颌骨 唠叨 覆盖 氧化铜 蝗虫 怎么说 鲁迅 矛盾 脂肪酸 插秧。,0
fill_j_311,fill,Adverb_position,311,民众接受了豪宅吗?,j,2,5,list3,民众 爆料 上周 官员 接受了 一座 国外的 豪宅 并且 投诉为 贿赂。,民众,爆料,上周,官员,接受了,一座,国外的,豪宅,并且,投诉为,贿赂。,,,,X-X-X 颌骨 唠叨 覆盖 氧化铜 蝗虫 怎么说 鲁迅 矛盾 脂肪酸 插秧。,0
fill_k_311,fill,Adverb_position,311,民众接受了豪宅吗?,k,2,5,list2,民众 爆料 官员 上周 接受了 一座 国外的 豪宅 并且 投诉为 贿赂。,民众,爆料,官员,上周,接受了,一座,国外的,豪宅,并且,投诉为,贿赂。,,,,X-X-X 肝炎 覆盖 咕咕 氯酸钾 记忆 应该说 险恶 矛盾 障碍物 颌骨。,0
fill_k_311,fill,Adverb_position,311,民众接受了豪宅吗?,k,2,5,list4,民众 爆料 官员 上周 接受了 一座 国外的 豪宅 并且 投诉为 贿赂。,民众,爆料,官员,上周,接受了,一座,国外的,豪宅,并且,投诉为,贿赂。,,,,X-X-X 肝炎 覆盖 咕咕 氯酸钾 记忆 应该说 险恶 矛盾 障碍物 颌骨。,0
fill_j_312,fill,Adverb_position,312,公司挪用了款项吗?,j,2,5,list2,公司 质疑 中午 员工 挪用了 一笔 巨大的 款项 所以 做了确认。,公司,质疑,中午,员工,挪用了,一笔,巨大的,款项,所以,做了确认。,,,,,X-X-X 胸膛 缩短 叮嘱 碳酸钠 巡捕 邓颖超 忍耐 思想 爱因斯坦。,0
fill_j_312,fill,Adverb_position,312,公司挪用了款项吗?,j,2,5,list4,公司 质疑 中午 员工 挪用了 一笔 巨大的 款项 所以 做了确认。,公司,质疑,中午,员工,挪用了,一笔,巨大的,款项,所以,做了确认。,,,,,X-X-X 胸膛 缩短 叮嘱 碳酸钠 巡捕 邓颖超 忍耐 思想 爱因斯坦。,0
fill_k_312,fill,Adverb_position,312,公司挪用了款项吗?,k,2,5,list1,公司 质疑 员工 中午 挪用了 一笔 巨大的 款项 所以 做了确认。,公司,质疑,员工,中午,挪用了,一笔,巨大的,款项,所以,做了确认。,,,,,X-X-X 竹竿 欺侮 缩短 芭蕾舞 睁大 林巧稚 掀开 思想 辛亥革命。,0
fill_k_312,fill,Adverb_position,312,公司挪用了款项吗?,k,2,5,list3,公司 质疑 员工 中午 挪用了 一笔 巨大的 款项 所以 做了确认。,公司,质疑,员工,中午,挪用了,一笔,巨大的,款项,所以,做了确认。,,,,,X-X-X 竹竿 欺侮 缩短 芭蕾舞 睁大 林巧稚 掀开 思想 辛亥革命。,0
fill_j_313,fill,Adverb_position,313,家长欺负了同学吗?,j,2,5,list1,家长 承认 稍早 孩子 欺负了 一位 瘦小的 同学 并且 道了歉。,家长,承认,稍早,孩子,欺负了,一位,瘦小的,同学,并且,道了歉。,,,,,X-X-X 机械 杜鹃 怎么 葡萄糖 酸碱 水溶液 宣传 矛盾 毛泽东。,0
fill_j_313,fill,Adverb_position,313,家长欺负了同学吗?,j,2,5,list3,家长 承认 稍早 孩子 欺负了 一位 瘦小的 同学 并且 道了歉。,家长,承认,稍早,孩子,欺负了,一位,瘦小的,同学,并且,道了歉。,,,,,X-X-X 机械 杜鹃 怎么 葡萄糖 酸碱 水溶液 宣传 矛盾 毛泽东。,0
fill_k_313,fill,Adverb_position,313,家长欺负了同学吗?,k,2,5,list2,家长 承认 孩子 稍早 欺负了 一位 瘦小的 同学 并且 道了歉。,家长,承认,孩子,稍早,欺负了,一位,瘦小的,同学,并且,道了歉。,,,,,X-X-X 粮食 怎么 淤泥 葡萄糖 潮汐 刹那间 深入 矛盾 氨基酸。,0
fill_k_313,fill,Adverb_position,313,家长欺负了同学吗?,k,2,5,list4,家长 承认 孩子 稍早 欺负了 一位 瘦小的 同学 并且 道了歉。,家长,承认,孩子,稍早,欺负了,一位,瘦小的,同学,并且,道了歉。,,,,,X-X-X 粮食 怎么 淤泥 葡萄糖 潮汐 刹那间 深入 矛盾 氨基酸。,0
fill_j_314,fill,Adverb_position,314,劳工决定了条例吗?,j,2,5,list2,劳工 怀疑 早上 工会 通过 那项 不公的 条例 并且 决定罢工。,劳工,怀疑,早上,工会,通过,那项,不公的,条例,并且,决定罢工。,,,,,X-X-X 婚姻 衡量 照射 技术 辫子 啄木鸟 浑身 矛盾 费尔巴哈。,0
fill_j_314,fill,Adverb_position,314,劳工决定了条例吗?,j,2,5,list4,劳工 怀疑 早上 工会 通过 那项 不公的 条例 并且 决定罢工。,劳工,怀疑,早上,工会,通过,那项,不公的,条例,并且,决定罢工。,,,,,X-X-X 婚姻 衡量 照射 技术 辫子 啄木鸟 浑身 矛盾 费尔巴哈。,0
fill_k_314,fill,Adverb_position,314,劳工决定了条例吗?,k,2,5,list1,劳工 怀疑 工会 早上 通过 那项 不公的 条例 并且 决定罢工。,劳工,怀疑,工会,早上,通过,那项,不公的,条例,并且,决定罢工。,,,,,X-X-X 婚姻 照射 越南 技术 鲫鱼 氢原子 浑身 矛盾 艰苦奋斗。,0
fill_k_314,fill,Adverb_position,314,劳工决定了条例吗?,k,2,5,list3,劳工 怀疑 工会 早上 通过 那项 不公的 条例 并且 决定罢工。,劳工,怀疑,工会,早上,通过,那项,不公的,条例,并且,决定罢工。,,,,,X-X-X 婚姻 照射 越南 技术 鲫鱼 氢原子 浑身 矛盾 艰苦奋斗。,0
fill_j_315,fill,Adverb_position,315,导演完成了小说吗?,j,2,5,list1,导演 期待 今年 作家 完成 一本 科幻的 小说 并且 拍成电影。,导演,期待,今年,作家,完成,一本,科幻的,小说,并且,拍成电影。,,,,,X-X-X 嘿嘿 破坏 仿佛 矛盾 拦住 林巧稚 适用 所谓 艰苦奋斗。,0
fill_j_315,fill,Adverb_position,315,导演完成了小说吗?,j,2,5,list3,导演 期待 今年 作家 完成 一本 科幻的 小说 并且 拍成电影。,导演,期待,今年,作家,完成,一本,科幻的,小说,并且,拍成电影。,,,,,X-X-X 嘿嘿 破坏 仿佛 矛盾 拦住 林巧稚 适用 所谓 艰苦奋斗。,0
fill_k_315,fill,Adverb_position,315,导演完成了小说吗?,k,2,5,list2,导演 期待 作家 今年 完成 一本 科幻的 小说 并且 拍成电影。,导演,期待,作家,今年,完成,一本,科幻的,小说,并且,拍成电影。,,,,,X-X-X 嘿嘿 恢复 破坏 矛盾 邯郸 水溶液 给予 所谓 氢氧化钠。,0
fill_k_315,fill,Adverb_position,315,导演完成了小说吗?,k,2,5,list4,导演 期待 作家 今年 完成 一本 科幻的 小说 并且 拍成电影。,导演,期待,作家,今年,完成,一本,科幻的,小说,并且,拍成电影。,,,,,X-X-X 嘿嘿 恢复 破坏 矛盾 邯郸 水溶液 给予 所谓 氢氧化钠。,0
fill_j_316,fill,Adverb_position,316,路人撞到了卡车吗?,j,2,5,list2,路人 目击 清晨 保时捷 撞到了 一辆 轻型的 卡车 所以 做了证。,路人,目击,清晨,保时捷,撞到了,一辆,轻型的,卡车,所以,做了证。,,,,,X-X-X 优劣 忽略 愈来愈 卵细胞 蚕丝 笑眯眯 潇洒 研究 邓颖超。,0
fill_j_316,fill,Adverb_position,316,路人撞到了卡车吗?,j,2,5,list4,路人 目击 清晨 保时捷 撞到了 一辆 轻型的 卡车 所以 做了证。,路人,目击,清晨,保时捷,撞到了,一辆,轻型的,卡车,所以,做了证。,,,,,X-X-X 优劣 忽略 愈来愈 卵细胞 蚕丝 笑眯眯 潇洒 研究 邓颖超。,0
fill_k_316,fill,Adverb_position,316,路人撞到了卡车吗?,k,2,5,list1,路人 目击 保时捷 清晨 撞到了 一辆 轻型的 卡车 所以 做了证。,路人,目击,保时捷,清晨,撞到了,一辆,轻型的,卡车,所以,做了证。,,,,,X-X-X 宫殿 林则徐 使劲 氯化钠 侵蚀 叶倩倩 潇洒 研究 慢吞吞。,0
fill_k_316,fill,Adverb_position,316,路人撞到了卡车吗?,k,2,5,list3,路人 目击 保时捷 清晨 撞到了 一辆 轻型的 卡车 所以 做了证。,路人,目击,保时捷,清晨,撞到了,一辆,轻型的,卡车,所以,做了证。,,,,,X-X-X 宫殿 林则徐 使劲 氯化钠 侵蚀 叶倩倩 潇洒 研究 慢吞吞。,0